2026-06-18 11:08:25,214 [INFO] ▶️ 남은 31708건의 데이터 처리를 시작합니다... (전체 31708건)
2026-06-18 11:08:25,216 [INFO] [1/31708] 처리 중...
2026-06-18 11:08:59,700 [INFO] ▶️ 남은 31708건의 데이터 처리를 시작합니다... (전체 31708건)
2026-06-18 11:08:59,701 [INFO] [1/31708] 처리 중...
2026-06-18 11:09:05,170 [INFO] Retrying request to /chat/completions in 0.474334 seconds
2026-06-18 11:09:09,717 [INFO] Retrying request to /chat/completions in 0.996473 seconds
2026-06-18 11:09:14,781 [INFO] Error 추출 실패: Connection error.
2026-06-18 11:09:15,282 [INFO] [2/31708] 처리 중...
2026-06-18 11:09:19,367 [INFO] Retrying request to /chat/completions in 0.451252 seconds
2026-06-18 11:09:23,898 [INFO] Retrying request to /chat/completions in 0.835673 seconds
2026-06-18 11:09:28,798 [INFO] Error 추출 실패: Connection error.
2026-06-18 11:09:29,300 [INFO] [3/31708] 처리 중...
2026-06-18 11:09:33,349 [INFO] Retrying request to /chat/completions in 0.393806 seconds
2026-06-18 11:15:17,360 [INFO] ▶️ 남은 31708건의 데이터 처리를 시작합니다... (전체 31708건)
2026-06-18 11:15:17,361 [INFO] [1/31708] 처리 중...
2026-06-18 11:16:13,104 [INFO] HTTP Request: POST http://localhost:1234/v1/chat/completions "HTTP/1.1 200 OK"
2026-06-18 11:16:13,621 [INFO] [2/31708] 처리 중...
2026-06-18 11:16:42,271 [INFO] HTTP Request: POST http://localhost:1234/v1/chat/completions "HTTP/1.1 200 OK"
2026-06-18 11:16:42,775 [INFO] [3/31708] 처리 중...
2026-06-18 11:17:10,957 [INFO] HTTP Request: POST http://localhost:1234/v1/chat/completions "HTTP/1.1 200 OK"
2026-06-18 11:17:11,462 [INFO] [4/31708] 처리 중...
2026-06-18 11:17:46,535 [INFO] HTTP Request: POST http://localhost:1234/v1/chat/completions "HTTP/1.1 200 OK"
2026-06-18 11:17:47,037 [INFO] [5/31708] 처리 중...
2026-06-18 11:21:08,742 [INFO] HTTP Request: POST http://localhost:1234/v1/chat/completions "HTTP/1.1 200 OK"
2026-06-18 11:21:08,744 [INFO] Error 추출 실패: Expecting value: line 1 column 1 (char 0)
2026-06-18 11:21:09,246 [INFO] [6/31708] 처리 중...
2026-06-18 11:21:46,965 [INFO] HTTP Request: POST http://localhost:1234/v1/chat/completions "HTTP/1.1 200 OK"
2026-06-18 11:21:47,468 [INFO] [7/31708] 처리 중...
2026-06-18 11:22:08,587 [INFO] HTTP Request: POST http://localhost:1234/v1/chat/completions "HTTP/1.1 200 OK"
2026-06-18 11:22:09,090 [INFO] [8/31708] 처리 중...
2026-06-18 11:22:40,070 [INFO] HTTP Request: POST http://localhost:1234/v1/chat/completions "HTTP/1.1 200 OK"
2026-06-18 11:22:40,573 [INFO] [9/31708] 처리 중...
2026-06-18 11:23:12,240 [INFO] HTTP Request: POST http://localhost:1234/v1/chat/completions "HTTP/1.1 200 OK"
2026-06-18 11:23:12,742 [INFO] [10/31708] 처리 중...
2026-06-18 11:26:34,755 [INFO] HTTP Request: POST http://localhost:1234/v1/chat/completions "HTTP/1.1 200 OK"
2026-06-18 11:26:34,755 [INFO] Error 추출 실패: Expecting value: line 1 column 1 (char 0)
2026-06-18 11:26:35,257 [INFO] [11/31708] 처리 중...
2026-06-18 11:27:24,255 [INFO] HTTP Request: POST http://localhost:1234/v1/chat/completions "HTTP/1.1 200 OK"
2026-06-18 11:27:24,757 [INFO] [12/31708] 처리 중...
2026-06-18 11:27:52,371 [INFO] HTTP Request: POST http://localhost:1234/v1/chat/completions "HTTP/1.1 200 OK"
2026-06-18 11:27:52,873 [INFO] [13/31708] 처리 중...
2026-06-18 11:28:19,472 [INFO] HTTP Request: POST http://localhost:1234/v1/chat/completions "HTTP/1.1 200 OK"
2026-06-18 11:28:19,975 [INFO] [14/31708] 처리 중...
2026-06-18 11:28:33,252 [INFO] HTTP Request: POST http://localhost:1234/v1/chat/completions "HTTP/1.1 200 OK"
2026-06-18 11:28:33,755 [INFO] [15/31708] 처리 중...
2026-06-18 11:29:08,118 [INFO] HTTP Request: POST http://localhost:1234/v1/chat/completions "HTTP/1.1 200 OK"
2026-06-18 11:29:08,622 [INFO] [16/31708] 처리 중...
2026-06-18 11:29:38,248 [INFO] HTTP Request: POST http://localhost:1234/v1/chat/completions "HTTP/1.1 200 OK"
2026-06-18 11:29:38,751 [INFO] [17/31708] 처리 중...
2026-06-18 11:31:32,645 [INFO] ▶️ 남은 31708건의 데이터 처리를 시작합니다... (전체 31708건)
2026-06-18 11:31:32,646 [INFO] [1/31708] 처리 중...
2026-06-18 11:32:54,259 [INFO] HTTP Request: POST http://localhost:1234/v1/chat/completions "HTTP/1.1 200 OK"
2026-06-18 11:32:54,769 [INFO] [2/31708] 처리 중...
2026-06-18 11:33:20,250 [INFO] HTTP Request: POST http://localhost:1234/v1/chat/completions "HTTP/1.1 200 OK"
2026-06-18 11:33:20,751 [INFO] [3/31708] 처리 중...
2026-06-18 11:34:22,884 [INFO] HTTP Request: POST http://localhost:1234/v1/chat/completions "HTTP/1.1 200 OK"
2026-06-18 11:34:23,387 [INFO] [4/31708] 처리 중...
2026-06-18 11:35:24,817 [INFO] HTTP Request: POST http://localhost:1234/v1/chat/completions "HTTP/1.1 200 OK"
2026-06-18 11:35:25,321 [INFO] [5/31708] 처리 중...
2026-06-18 11:38:47,787 [INFO] HTTP Request: POST http://localhost:1234/v1/chat/completions "HTTP/1.1 200 OK"
2026-06-18 11:38:47,788 [INFO] Error 추출 실패: Expecting value: line 1 column 1 (char 0)
2026-06-18 11:38:48,289 [INFO] [6/31708] 처리 중...
2026-06-18 11:39:18,984 [INFO] HTTP Request: POST http://localhost:1234/v1/chat/completions "HTTP/1.1 200 OK"
2026-06-18 11:39:19,486 [INFO] [7/31708] 처리 중...
2026-06-18 11:39:51,882 [INFO] HTTP Request: POST http://localhost:1234/v1/chat/completions "HTTP/1.1 200 OK"
2026-06-18 11:39:52,384 [INFO] [8/31708] 처리 중...
2026-06-18 11:40:15,731 [INFO] HTTP Request: POST http://localhost:1234/v1/chat/completions "HTTP/1.1 200 OK"
2026-06-18 11:40:16,233 [INFO] [9/31708] 처리 중...
2026-06-18 11:40:46,329 [INFO] HTTP Request: POST http://localhost:1234/v1/chat/completions "HTTP/1.1 200 OK"
2026-06-18 11:40:46,831 [INFO] [10/31708] 처리 중...
2026-06-18 11:44:07,919 [INFO] HTTP Request: POST http://localhost:1234/v1/chat/completions "HTTP/1.1 200 OK"
2026-06-18 11:44:07,920 [INFO] Error 추출 실패: Expecting value: line 1 column 1 (char 0)
2026-06-18 11:44:08,422 [INFO] [11/31708] 처리 중...
2026-06-18 11:44:48,617 [INFO] HTTP Request: POST http://localhost:1234/v1/chat/completions "HTTP/1.1 200 OK"
2026-06-18 11:44:49,120 [INFO] [12/31708] 처리 중...
2026-06-18 11:45:13,516 [INFO] HTTP Request: POST http://localhost:1234/v1/chat/completions "HTTP/1.1 200 OK"
2026-06-18 11:45:14,018 [INFO] [13/31708] 처리 중...
2026-06-18 11:45:38,498 [INFO] HTTP Request: POST http://localhost:1234/v1/chat/completions "HTTP/1.1 200 OK"
2026-06-18 11:45:39,000 [INFO] [14/31708] 처리 중...
2026-06-18 11:45:54,895 [INFO] HTTP Request: POST http://localhost:1234/v1/chat/completions "HTTP/1.1 200 OK"
2026-06-18 11:45:55,396 [INFO] [15/31708] 처리 중...
2026-06-18 11:46:46,977 [INFO] HTTP Request: POST http://localhost:1234/v1/chat/completions "HTTP/1.1 200 OK"
2026-06-18 11:46:47,480 [INFO] [16/31708] 처리 중...
2026-06-18 11:47:16,344 [INFO] HTTP Request: POST http://localhost:1234/v1/chat/completions "HTTP/1.1 200 OK"
2026-06-18 11:47:16,846 [INFO] [17/31708] 처리 중...
2026-06-18 11:50:38,083 [INFO] HTTP Request: POST http://localhost:1234/v1/chat/completions "HTTP/1.1 200 OK"
2026-06-18 11:50:38,084 [INFO] Error 추출 실패: Expecting value: line 1 column 1 (char 0)
2026-06-18 11:50:38,585 [INFO] [18/31708] 처리 중...
2026-06-18 11:51:12,932 [INFO] HTTP Request: POST http://localhost:1234/v1/chat/completions "HTTP/1.1 200 OK"
2026-06-18 11:51:13,433 [INFO] [19/31708] 처리 중...
2026-06-18 11:51:36,480 [INFO] HTTP Request: POST http://localhost:1234/v1/chat/completions "HTTP/1.1 200 OK"
2026-06-18 11:51:36,983 [INFO] [20/31708] 처리 중...
2026-06-18 11:52:29,294 [INFO] HTTP Request: POST http://localhost:1234/v1/chat/completions "HTTP/1.1 200 OK"
2026-06-18 11:52:29,796 [INFO] [21/31708] 처리 중...
2026-06-18 11:53:13,075 [INFO] HTTP Request: POST http://localhost:1234/v1/chat/completions "HTTP/1.1 200 OK"
2026-06-18 11:53:13,577 [INFO] [22/31708] 처리 중...
2026-06-18 11:56:34,616 [INFO] HTTP Request: POST http://localhost:1234/v1/chat/completions "HTTP/1.1 200 OK"
2026-06-18 11:56:34,617 [INFO] Error 추출 실패: Expecting value: line 1 column 1 (char 0)
2026-06-18 11:56:35,118 [INFO] [23/31708] 처리 중...
2026-06-18 11:57:06,049 [INFO] HTTP Request: POST http://localhost:1234/v1/chat/completions "HTTP/1.1 200 OK"
2026-06-18 11:57:06,551 [INFO] [24/31708] 처리 중...
2026-06-18 11:58:13,112 [INFO] HTTP Request: POST http://localhost:1234/v1/chat/completions "HTTP/1.1 200 OK"
2026-06-18 11:58:13,614 [INFO] [25/31708] 처리 중...
2026-06-18 11:59:07,342 [INFO] HTTP Request: POST http://localhost:1234/v1/chat/completions "HTTP/1.1 200 OK"
2026-06-18 11:59:07,845 [INFO] [26/31708] 처리 중...
2026-06-18 11:59:47,740 [INFO] HTTP Request: POST http://localhost:1234/v1/chat/completions "HTTP/1.1 200 OK"
2026-06-18 11:59:48,241 [INFO] [27/31708] 처리 중...
2026-06-18 12:03:09,316 [INFO] HTTP Request: POST http://localhost:1234/v1/chat/completions "HTTP/1.1 200 OK"
2026-06-18 12:03:09,316 [INFO] Error 추출 실패: Expecting value: line 1 column 1 (char 0)
2026-06-18 12:03:09,817 [INFO] [28/31708] 처리 중...
2026-06-18 12:03:47,328 [INFO] HTTP Request: POST http://localhost:1234/v1/chat/completions "HTTP/1.1 200 OK"
2026-06-18 12:03:47,830 [INFO] [29/31708] 처리 중...
2026-06-18 12:04:31,158 [INFO] HTTP Request: POST http://localhost:1234/v1/chat/completions "HTTP/1.1 200 OK"
2026-06-18 12:04:31,659 [INFO] [30/31708] 처리 중...
2026-06-18 12:05:37,957 [INFO] HTTP Request: POST http://localhost:1234/v1/chat/completions "HTTP/1.1 200 OK"
2026-06-18 12:05:38,459 [INFO] [31/31708] 처리 중...
2026-06-18 12:06:24,656 [INFO] HTTP Request: POST http://localhost:1234/v1/chat/completions "HTTP/1.1 200 OK"
2026-06-18 12:06:25,158 [INFO] [32/31708] 처리 중...
2026-06-18 12:07:14,885 [INFO] HTTP Request: POST http://localhost:1234/v1/chat/completions "HTTP/1.1 200 OK"
2026-06-18 12:07:15,387 [INFO] [33/31708] 처리 중...
2026-06-18 12:10:36,275 [INFO] HTTP Request: POST http://localhost:1234/v1/chat/completions "HTTP/1.1 200 OK"
2026-06-18 12:10:36,275 [INFO] Error 추출 실패: Expecting value: line 1 column 1 (char 0)
2026-06-18 12:10:36,777 [INFO] [34/31708] 처리 중...
2026-06-18 12:11:09,141 [INFO] HTTP Request: POST http://localhost:1234/v1/chat/completions "HTTP/1.1 200 OK"
2026-06-18 12:11:09,644 [INFO] [35/31708] 처리 중...
2026-06-18 12:12:20,853 [INFO] HTTP Request: POST http://localhost:1234/v1/chat/completions "HTTP/1.1 200 OK"
2026-06-18 12:12:21,354 [INFO] [36/31708] 처리 중...
2026-06-18 12:12:59,972 [INFO] HTTP Request: POST http://localhost:1234/v1/chat/completions "HTTP/1.1 200 OK"
2026-06-18 12:13:00,473 [INFO] [37/31708] 처리 중...
2026-06-18 12:13:37,150 [INFO] HTTP Request: POST http://localhost:1234/v1/chat/completions "HTTP/1.1 200 OK"
2026-06-18 12:13:37,652 [INFO] [38/31708] 처리 중...
2026-06-18 12:14:11,614 [INFO] HTTP Request: POST http://localhost:1234/v1/chat/completions "HTTP/1.1 200 OK"
2026-06-18 12:14:12,116 [INFO] [39/31708] 처리 중...
2026-06-18 12:14:39,762 [INFO] HTTP Request: POST http://localhost:1234/v1/chat/completions "HTTP/1.1 200 OK"
2026-06-18 12:14:40,264 [INFO] [40/31708] 처리 중...
2026-06-18 12:15:07,895 [INFO] HTTP Request: POST http://localhost:1234/v1/chat/completions "HTTP/1.1 200 OK"
2026-06-18 12:15:08,396 [INFO] [41/31708] 처리 중...
2026-06-18 12:15:57,675 [INFO] HTTP Request: POST http://localhost:1234/v1/chat/completions "HTTP/1.1 200 OK"
2026-06-18 12:15:58,177 [INFO] [42/31708] 처리 중...
2026-06-18 12:16:37,291 [INFO] HTTP Request: POST http://localhost:1234/v1/chat/completions "HTTP/1.1 200 OK"
2026-06-18 12:16:37,793 [INFO] [43/31708] 처리 중...
2026-06-18 12:17:14,889 [INFO] HTTP Request: POST http://localhost:1234/v1/chat/completions "HTTP/1.1 200 OK"
2026-06-18 12:17:15,391 [INFO] [44/31708] 처리 중...
2026-06-18 12:17:46,804 [INFO] HTTP Request: POST http://localhost:1234/v1/chat/completions "HTTP/1.1 200 OK"
2026-06-18 12:17:47,305 [INFO] [45/31708] 처리 중...
2026-06-18 12:18:19,153 [INFO] HTTP Request: POST http://localhost:1234/v1/chat/completions "HTTP/1.1 200 OK"
2026-06-18 12:18:19,655 [INFO] [46/31708] 처리 중...
2026-06-18 12:18:53,933 [INFO] HTTP Request: POST http://localhost:1234/v1/chat/completions "HTTP/1.1 200 OK"
2026-06-18 12:18:54,435 [INFO] [47/31708] 처리 중...
2026-06-18 12:22:17,324 [INFO] HTTP Request: POST http://localhost:1234/v1/chat/completions "HTTP/1.1 200 OK"
2026-06-18 12:22:17,325 [INFO] Error 추출 실패: Expecting value: line 1 column 1 (char 0)
2026-06-18 12:22:17,826 [INFO] [48/31708] 처리 중...
2026-06-18 12:25:40,484 [INFO] HTTP Request: POST http://localhost:1234/v1/chat/completions "HTTP/1.1 200 OK"
2026-06-18 12:25:40,485 [INFO] Error 추출 실패: Expecting value: line 1 column 1 (char 0)
2026-06-18 12:25:40,986 [INFO] [49/31708] 처리 중...
2026-06-18 12:26:01,479 [INFO] HTTP Request: POST http://localhost:1234/v1/chat/completions "HTTP/1.1 200 OK"
2026-06-18 12:26:01,980 [INFO] [50/31708] 처리 중...
2026-06-18 12:29:25,191 [INFO] HTTP Request: POST http://localhost:1234/v1/chat/completions "HTTP/1.1 200 OK"
2026-06-18 12:29:25,194 [INFO] Error 추출 실패: Expecting value: line 1 column 1 (char 0)
2026-06-18 12:29:25,202 [INFO] 💾 [50/31708] 데이터 중간 저장 완료!
2026-06-18 12:29:25,702 [INFO] [51/31708] 처리 중...
2026-06-18 12:29:54,688 [INFO] HTTP Request: POST http://localhost:1234/v1/chat/completions "HTTP/1.1 200 OK"
2026-06-18 12:29:55,191 [INFO] [52/31708] 처리 중...
2026-06-18 12:30:36,287 [INFO] HTTP Request: POST http://localhost:1234/v1/chat/completions "HTTP/1.1 200 OK"
2026-06-18 12:30:36,789 [INFO] [53/31708] 처리 중...
2026-06-18 12:31:17,484 [INFO] HTTP Request: POST http://localhost:1234/v1/chat/completions "HTTP/1.1 200 OK"
2026-06-18 12:31:17,986 [INFO] [54/31708] 처리 중...
2026-06-18 12:32:10,864 [INFO] HTTP Request: POST http://localhost:1234/v1/chat/completions "HTTP/1.1 200 OK"
2026-06-18 12:32:11,366 [INFO] [55/31708] 처리 중...
2026-06-18 12:32:46,962 [INFO] HTTP Request: POST http://localhost:1234/v1/chat/completions "HTTP/1.1 200 OK"
2026-06-18 12:32:47,464 [INFO] [56/31708] 처리 중...
2026-06-18 12:36:09,271 [INFO] HTTP Request: POST http://localhost:1234/v1/chat/completions "HTTP/1.1 200 OK"
2026-06-18 12:36:09,273 [INFO] Error 추출 실패: Expecting value: line 1 column 1 (char 0)
2026-06-18 12:36:09,774 [INFO] [57/31708] 처리 중...
2026-06-18 12:36:43,569 [INFO] HTTP Request: POST http://localhost:1234/v1/chat/completions "HTTP/1.1 200 OK"
2026-06-18 12:36:44,071 [INFO] [58/31708] 처리 중...
2026-06-18 12:37:38,849 [INFO] HTTP Request: POST http://localhost:1234/v1/chat/completions "HTTP/1.1 200 OK"
2026-06-18 12:37:39,350 [INFO] [59/31708] 처리 중...
2026-06-18 12:38:25,313 [INFO] HTTP Request: POST http://localhost:1234/v1/chat/completions "HTTP/1.1 200 OK"
2026-06-18 12:38:25,815 [INFO] [60/31708] 처리 중...
2026-06-18 12:39:17,636 [INFO] HTTP Request: POST http://localhost:1234/v1/chat/completions "HTTP/1.1 200 OK"
2026-06-18 12:39:18,139 [INFO] [61/31708] 처리 중...
2026-06-18 12:39:44,749 [INFO] HTTP Request: POST http://localhost:1234/v1/chat/completions "HTTP/1.1 200 OK"
2026-06-18 12:39:45,251 [INFO] [62/31708] 처리 중...
2026-06-18 12:43:08,718 [INFO] HTTP Request: POST http://localhost:1234/v1/chat/completions "HTTP/1.1 200 OK"
2026-06-18 12:43:08,722 [INFO] Error 추출 실패: Expecting value: line 1 column 1 (char 0)
2026-06-18 12:43:09,225 [INFO] [63/31708] 처리 중...
2026-06-18 12:44:35,395 [INFO] HTTP Request: POST http://localhost:1234/v1/chat/completions "HTTP/1.1 200 OK"
2026-06-18 12:44:35,897 [INFO] [64/31708] 처리 중...
2026-06-18 12:45:25,875 [INFO] HTTP Request: POST http://localhost:1234/v1/chat/completions "HTTP/1.1 200 OK"
2026-06-18 12:45:26,379 [INFO] [65/31708] 처리 중...
2026-06-18 12:48:47,655 [INFO] HTTP Request: POST http://localhost:1234/v1/chat/completions "HTTP/1.1 200 OK"
2026-06-18 12:48:47,656 [INFO] Error 추출 실패: Expecting value: line 1 column 1 (char 0)
2026-06-18 12:48:48,157 [INFO] [66/31708] 처리 중...
2026-06-18 12:50:02,680 [INFO] HTTP Request: POST http://localhost:1234/v1/chat/completions "HTTP/1.1 200 OK"
2026-06-18 12:50:03,184 [INFO] [67/31708] 처리 중...
2026-06-18 12:50:46,144 [INFO] HTTP Request: POST http://localhost:1234/v1/chat/completions "HTTP/1.1 200 OK"
2026-06-18 12:50:46,647 [INFO] [68/31708] 처리 중...
2026-06-18 12:51:37,192 [INFO] HTTP Request: POST http://localhost:1234/v1/chat/completions "HTTP/1.1 200 OK"
2026-06-18 12:51:37,695 [INFO] [69/31708] 처리 중...
2026-06-18 12:55:02,793 [INFO] HTTP Request: POST http://localhost:1234/v1/chat/completions "HTTP/1.1 200 OK"
2026-06-18 12:55:02,794 [INFO] Error 추출 실패: Expecting value: line 1 column 1 (char 0)
2026-06-18 12:55:03,296 [INFO] [70/31708] 처리 중...
2026-06-18 12:56:14,615 [INFO] HTTP Request: POST http://localhost:1234/v1/chat/completions "HTTP/1.1 200 OK"
2026-06-18 12:56:15,120 [INFO] [71/31708] 처리 중...
2026-06-18 12:56:40,592 [INFO] HTTP Request: POST http://localhost:1234/v1/chat/completions "HTTP/1.1 200 OK"
2026-06-18 12:56:41,093 [INFO] [72/31708] 처리 중...
2026-06-18 12:57:00,808 [INFO] HTTP Request: POST http://localhost:1234/v1/chat/completions "HTTP/1.1 200 OK"
2026-06-18 12:57:01,310 [INFO] [73/31708] 처리 중...
2026-06-18 12:57:47,258 [INFO] HTTP Request: POST http://localhost:1234/v1/chat/completions "HTTP/1.1 200 OK"
2026-06-18 12:57:47,761 [INFO] [74/31708] 처리 중...
2026-06-18 12:58:39,503 [INFO] HTTP Request: POST http://localhost:1234/v1/chat/completions "HTTP/1.1 200 OK"
2026-06-18 12:58:40,004 [INFO] [75/31708] 처리 중...
2026-06-18 12:59:18,068 [INFO] HTTP Request: POST http://localhost:1234/v1/chat/completions "HTTP/1.1 200 OK"
2026-06-18 12:59:18,569 [INFO] [76/31708] 처리 중...
2026-06-18 12:59:52,749 [INFO] HTTP Request: POST http://localhost:1234/v1/chat/completions "HTTP/1.1 200 OK"
2026-06-18 12:59:53,254 [INFO] [77/31708] 처리 중...
2026-06-18 13:00:25,071 [INFO] HTTP Request: POST http://localhost:1234/v1/chat/completions "HTTP/1.1 200 OK"
2026-06-18 13:00:25,573 [INFO] [78/31708] 처리 중...
2026-06-18 13:01:15,119 [INFO] HTTP Request: POST http://localhost:1234/v1/chat/completions "HTTP/1.1 200 OK"
2026-06-18 13:01:15,621 [INFO] [79/31708] 처리 중...
2026-06-18 13:01:45,974 [INFO] HTTP Request: POST http://localhost:1234/v1/chat/completions "HTTP/1.1 200 OK"
2026-06-18 13:01:46,476 [INFO] [80/31708] 처리 중...
2026-06-18 13:02:44,380 [INFO] HTTP Request: POST http://localhost:1234/v1/chat/completions "HTTP/1.1 200 OK"
2026-06-18 13:02:44,881 [INFO] [81/31708] 처리 중...
2026-06-18 13:03:31,085 [INFO] HTTP Request: POST http://localhost:1234/v1/chat/completions "HTTP/1.1 200 OK"
2026-06-18 13:03:31,586 [INFO] [82/31708] 처리 중...
2026-06-18 13:04:05,734 [INFO] HTTP Request: POST http://localhost:1234/v1/chat/completions "HTTP/1.1 200 OK"
2026-06-18 13:04:06,235 [INFO] [83/31708] 처리 중...
2026-06-18 13:04:45,061 [INFO] HTTP Request: POST http://localhost:1234/v1/chat/completions "HTTP/1.1 200 OK"
2026-06-18 13:04:45,564 [INFO] [84/31708] 처리 중...
2026-06-18 13:05:18,334 [INFO] HTTP Request: POST http://localhost:1234/v1/chat/completions "HTTP/1.1 200 OK"
2026-06-18 13:05:18,835 [INFO] [85/31708] 처리 중...
2026-06-18 13:06:19,557 [INFO] HTTP Request: POST http://localhost:1234/v1/chat/completions "HTTP/1.1 200 OK"
2026-06-18 13:06:20,058 [INFO] [86/31708] 처리 중...
2026-06-18 13:07:28,433 [INFO] HTTP Request: POST http://localhost:1234/v1/chat/completions "HTTP/1.1 200 OK"
2026-06-18 13:07:28,938 [INFO] [87/31708] 처리 중...
2026-06-18 13:07:51,324 [INFO] HTTP Request: POST http://localhost:1234/v1/chat/completions "HTTP/1.1 200 OK"
2026-06-18 13:07:51,825 [INFO] [88/31708] 처리 중...
2026-06-18 13:08:27,226 [INFO] HTTP Request: POST http://localhost:1234/v1/chat/completions "HTTP/1.1 200 OK"
2026-06-18 13:08:27,729 [INFO] [89/31708] 처리 중...
2026-06-18 13:09:22,205 [INFO] HTTP Request: POST http://localhost:1234/v1/chat/completions "HTTP/1.1 200 OK"
2026-06-18 13:09:22,707 [INFO] [90/31708] 처리 중...
2026-06-18 13:12:50,815 [INFO] HTTP Request: POST http://localhost:1234/v1/chat/completions "HTTP/1.1 200 OK"
2026-06-18 13:12:50,816 [INFO] Error 추출 실패: Expecting value: line 1 column 1 (char 0)
2026-06-18 13:12:51,317 [INFO] [91/31708] 처리 중...
2026-06-18 13:13:51,037 [INFO] HTTP Request: POST http://localhost:1234/v1/chat/completions "HTTP/1.1 200 OK"
2026-06-18 13:13:51,539 [INFO] [92/31708] 처리 중...
2026-06-18 13:14:25,372 [INFO] HTTP Request: POST http://localhost:1234/v1/chat/completions "HTTP/1.1 200 OK"
2026-06-18 13:14:25,874 [INFO] [93/31708] 처리 중...
2026-06-18 13:17:51,741 [INFO] HTTP Request: POST http://localhost:1234/v1/chat/completions "HTTP/1.1 200 OK"
2026-06-18 13:17:51,743 [INFO] Error 추출 실패: Expecting value: line 1 column 1 (char 0)
2026-06-18 13:17:52,244 [INFO] [94/31708] 처리 중...
2026-06-18 13:18:33,325 [INFO] HTTP Request: POST http://localhost:1234/v1/chat/completions "HTTP/1.1 200 OK"
2026-06-18 13:18:33,827 [INFO] [95/31708] 처리 중...
2026-06-18 13:19:27,028 [INFO] HTTP Request: POST http://localhost:1234/v1/chat/completions "HTTP/1.1 200 OK"
2026-06-18 13:19:27,529 [INFO] [96/31708] 처리 중...
2026-06-18 13:20:06,548 [INFO] HTTP Request: POST http://localhost:1234/v1/chat/completions "HTTP/1.1 200 OK"
2026-06-18 13:20:07,049 [INFO] [97/31708] 처리 중...
2026-06-18 13:23:32,941 [INFO] HTTP Request: POST http://localhost:1234/v1/chat/completions "HTTP/1.1 200 OK"
2026-06-18 13:23:32,942 [INFO] Error 추출 실패: Expecting value: line 1 column 1 (char 0)
2026-06-18 13:23:33,445 [INFO] [98/31708] 처리 중...
2026-06-18 13:27:01,441 [INFO] HTTP Request: POST http://localhost:1234/v1/chat/completions "HTTP/1.1 200 OK"
2026-06-18 13:27:01,442 [INFO] Error 추출 실패: Expecting value: line 1 column 1 (char 0)
2026-06-18 13:27:01,943 [INFO] [99/31708] 처리 중...
2026-06-18 13:27:37,594 [INFO] HTTP Request: POST http://localhost:1234/v1/chat/completions "HTTP/1.1 200 OK"
2026-06-18 13:27:38,095 [INFO] [100/31708] 처리 중...
2026-06-18 13:28:09,721 [INFO] HTTP Request: POST http://localhost:1234/v1/chat/completions "HTTP/1.1 200 OK"
2026-06-18 13:28:09,726 [INFO] 💾 [100/31708] 데이터 중간 저장 완료!
2026-06-18 13:28:10,226 [INFO] [101/31708] 처리 중...
2026-06-18 13:31:35,984 [INFO] HTTP Request: POST http://localhost:1234/v1/chat/completions "HTTP/1.1 200 OK"
2026-06-18 13:31:35,984 [INFO] Error 추출 실패: Expecting value: line 1 column 1 (char 0)
2026-06-18 13:31:36,486 [INFO] [102/31708] 처리 중...
2026-06-18 13:32:23,808 [INFO] HTTP Request: POST http://localhost:1234/v1/chat/completions "HTTP/1.1 200 OK"
2026-06-18 13:32:24,309 [INFO] [103/31708] 처리 중...
2026-06-18 13:35:45,370 [INFO] HTTP Request: POST http://localhost:1234/v1/chat/completions "HTTP/1.1 200 OK"
2026-06-18 13:35:45,371 [INFO] Error 추출 실패: Expecting value: line 1 column 1 (char 0)
2026-06-18 13:35:45,873 [INFO] [104/31708] 처리 중...
2026-06-18 13:36:29,833 [INFO] HTTP Request: POST http://localhost:1234/v1/chat/completions "HTTP/1.1 200 OK"
2026-06-18 13:36:30,334 [INFO] [105/31708] 처리 중...
2026-06-18 13:37:10,762 [INFO] HTTP Request: POST http://localhost:1234/v1/chat/completions "HTTP/1.1 200 OK"
2026-06-18 13:37:11,263 [INFO] [106/31708] 처리 중...
2026-06-18 13:37:43,524 [INFO] HTTP Request: POST http://localhost:1234/v1/chat/completions "HTTP/1.1 200 OK"
2026-06-18 13:37:44,025 [INFO] [107/31708] 처리 중...
2026-06-18 13:38:32,482 [INFO] HTTP Request: POST http://localhost:1234/v1/chat/completions "HTTP/1.1 200 OK"
2026-06-18 13:38:32,984 [INFO] [108/31708] 처리 중...
2026-06-18 13:39:14,823 [INFO] HTTP Request: POST http://localhost:1234/v1/chat/completions "HTTP/1.1 200 OK"
2026-06-18 13:39:15,324 [INFO] [109/31708] 처리 중...
2026-06-18 13:39:51,601 [INFO] HTTP Request: POST http://localhost:1234/v1/chat/completions "HTTP/1.1 200 OK"
2026-06-18 13:39:52,103 [INFO] [110/31708] 처리 중...
2026-06-18 13:40:17,443 [INFO] HTTP Request: POST http://localhost:1234/v1/chat/completions "HTTP/1.1 200 OK"
2026-06-18 13:40:17,946 [INFO] [111/31708] 처리 중...
2026-06-18 13:40:43,853 [INFO] HTTP Request: POST http://localhost:1234/v1/chat/completions "HTTP/1.1 200 OK"
2026-06-18 13:40:44,354 [INFO] [112/31708] 처리 중...
2026-06-18 13:41:20,581 [INFO] HTTP Request: POST http://localhost:1234/v1/chat/completions "HTTP/1.1 200 OK"
2026-06-18 13:41:21,083 [INFO] [113/31708] 처리 중...
2026-06-18 13:41:57,227 [INFO] HTTP Request: POST http://localhost:1234/v1/chat/completions "HTTP/1.1 200 OK"
2026-06-18 13:41:57,729 [INFO] [114/31708] 처리 중...
2026-06-18 13:42:33,986 [INFO] HTTP Request: POST http://localhost:1234/v1/chat/completions "HTTP/1.1 200 OK"
2026-06-18 13:42:34,488 [INFO] [115/31708] 처리 중...
2026-06-18 13:43:07,681 [INFO] HTTP Request: POST http://localhost:1234/v1/chat/completions "HTTP/1.1 200 OK"
2026-06-18 13:43:08,184 [INFO] [116/31708] 처리 중...
2026-06-18 13:43:44,122 [INFO] HTTP Request: POST http://localhost:1234/v1/chat/completions "HTTP/1.1 200 OK"
2026-06-18 13:43:44,625 [INFO] [117/31708] 처리 중...
2026-06-18 13:47:03,112 [INFO] HTTP Request: POST http://localhost:1234/v1/chat/completions "HTTP/1.1 200 OK"
2026-06-18 13:47:03,114 [INFO] Error 추출 실패: Expecting value: line 1 column 1 (char 0)
2026-06-18 13:47:03,616 [INFO] [118/31708] 처리 중...
2026-06-18 13:47:29,686 [INFO] HTTP Request: POST http://localhost:1234/v1/chat/completions "HTTP/1.1 200 OK"
2026-06-18 13:47:30,187 [INFO] [119/31708] 처리 중...
2026-06-18 13:48:00,828 [INFO] HTTP Request: POST http://localhost:1234/v1/chat/completions "HTTP/1.1 200 OK"
2026-06-18 13:48:01,330 [INFO] [120/31708] 처리 중...
2026-06-18 13:49:05,193 [INFO] HTTP Request: POST http://localhost:1234/v1/chat/completions "HTTP/1.1 200 OK"
2026-06-18 13:49:05,694 [INFO] [121/31708] 처리 중...
2026-06-18 13:52:27,711 [INFO] HTTP Request: POST http://localhost:1234/v1/chat/completions "HTTP/1.1 200 OK"
2026-06-18 13:52:27,712 [INFO] Error 추출 실패: Expecting value: line 1 column 1 (char 0)
2026-06-18 13:52:28,214 [INFO] [122/31708] 처리 중...
2026-06-18 13:53:19,568 [INFO] HTTP Request: POST http://localhost:1234/v1/chat/completions "HTTP/1.1 200 OK"
2026-06-18 13:53:20,071 [INFO] [123/31708] 처리 중...
2026-06-18 13:53:45,832 [INFO] HTTP Request: POST http://localhost:1234/v1/chat/completions "HTTP/1.1 200 OK"
2026-06-18 13:53:46,337 [INFO] [124/31708] 처리 중...
2026-06-18 13:54:13,168 [INFO] HTTP Request: POST http://localhost:1234/v1/chat/completions "HTTP/1.1 200 OK"
2026-06-18 13:54:13,669 [INFO] [125/31708] 처리 중...
2026-06-18 13:54:45,012 [INFO] HTTP Request: POST http://localhost:1234/v1/chat/completions "HTTP/1.1 200 OK"
2026-06-18 13:54:45,514 [INFO] [126/31708] 처리 중...
2026-06-18 13:58:06,933 [INFO] HTTP Request: POST http://localhost:1234/v1/chat/completions "HTTP/1.1 200 OK"
2026-06-18 13:58:06,934 [INFO] Error 추출 실패: Expecting value: line 1 column 1 (char 0)
2026-06-18 13:58:07,436 [INFO] [127/31708] 처리 중...
2026-06-18 13:58:47,601 [INFO] HTTP Request: POST http://localhost:1234/v1/chat/completions "HTTP/1.1 200 OK"
2026-06-18 13:58:48,103 [INFO] [128/31708] 처리 중...
2026-06-18 13:59:30,560 [INFO] HTTP Request: POST http://localhost:1234/v1/chat/completions "HTTP/1.1 200 OK"
2026-06-18 13:59:31,062 [INFO] [129/31708] 처리 중...
2026-06-18 14:02:54,103 [INFO] HTTP Request: POST http://localhost:1234/v1/chat/completions "HTTP/1.1 200 OK"
2026-06-18 14:02:54,104 [INFO] Error 추출 실패: Expecting value: line 1 column 1 (char 0)
2026-06-18 14:02:54,607 [INFO] [130/31708] 처리 중...
2026-06-18 14:03:23,977 [INFO] HTTP Request: POST http://localhost:1234/v1/chat/completions "HTTP/1.1 200 OK"
2026-06-18 14:03:24,479 [INFO] [131/31708] 처리 중...
2026-06-18 14:04:07,565 [INFO] HTTP Request: POST http://localhost:1234/v1/chat/completions "HTTP/1.1 200 OK"
2026-06-18 14:04:08,067 [INFO] [132/31708] 처리 중...
2026-06-18 14:04:35,497 [INFO] HTTP Request: POST http://localhost:1234/v1/chat/completions "HTTP/1.1 200 OK"
2026-06-18 14:04:35,998 [INFO] [133/31708] 처리 중...
2026-06-18 14:05:34,257 [INFO] HTTP Request: POST http://localhost:1234/v1/chat/completions "HTTP/1.1 200 OK"
2026-06-18 14:05:34,758 [INFO] [134/31708] 처리 중...
2026-06-18 14:06:17,315 [INFO] HTTP Request: POST http://localhost:1234/v1/chat/completions "HTTP/1.1 200 OK"
2026-06-18 14:06:17,816 [INFO] [135/31708] 처리 중...
2026-06-18 14:09:38,227 [INFO] HTTP Request: POST http://localhost:1234/v1/chat/completions "HTTP/1.1 200 OK"
2026-06-18 14:09:38,228 [INFO] Error 추출 실패: Expecting value: line 1 column 1 (char 0)
2026-06-18 14:09:38,729 [INFO] [136/31708] 처리 중...
2026-06-18 14:10:18,978 [INFO] HTTP Request: POST http://localhost:1234/v1/chat/completions "HTTP/1.1 200 OK"
2026-06-18 14:10:19,480 [INFO] [137/31708] 처리 중...
2026-06-18 14:11:06,905 [INFO] HTTP Request: POST http://localhost:1234/v1/chat/completions "HTTP/1.1 200 OK"
2026-06-18 14:11:07,407 [INFO] [138/31708] 처리 중...
2026-06-18 14:11:42,243 [INFO] HTTP Request: POST http://localhost:1234/v1/chat/completions "HTTP/1.1 200 OK"
2026-06-18 14:11:42,745 [INFO] [139/31708] 처리 중...
2026-06-18 14:15:07,101 [INFO] HTTP Request: POST http://localhost:1234/v1/chat/completions "HTTP/1.1 200 OK"
2026-06-18 14:15:07,101 [INFO] Error 추출 실패: Expecting value: line 1 column 1 (char 0)
2026-06-18 14:15:07,602 [INFO] [140/31708] 처리 중...
2026-06-18 14:18:31,145 [INFO] HTTP Request: POST http://localhost:1234/v1/chat/completions "HTTP/1.1 200 OK"
2026-06-18 14:18:31,146 [INFO] Error 추출 실패: Expecting value: line 1 column 1 (char 0)
2026-06-18 14:18:31,647 [INFO] [141/31708] 처리 중...
2026-06-18 14:19:23,077 [INFO] HTTP Request: POST http://localhost:1234/v1/chat/completions "HTTP/1.1 200 OK"
2026-06-18 14:19:23,580 [INFO] [142/31708] 처리 중...
2026-06-18 14:19:49,126 [INFO] HTTP Request: POST http://localhost:1234/v1/chat/completions "HTTP/1.1 200 OK"
2026-06-18 14:19:49,628 [INFO] [143/31708] 처리 중...
2026-06-18 14:20:20,129 [INFO] HTTP Request: POST http://localhost:1234/v1/chat/completions "HTTP/1.1 200 OK"
2026-06-18 14:20:20,630 [INFO] [144/31708] 처리 중...
2026-06-18 14:23:42,977 [INFO] HTTP Request: POST http://localhost:1234/v1/chat/completions "HTTP/1.1 200 OK"
2026-06-18 14:23:42,977 [INFO] Error 추출 실패: Expecting value: line 1 column 1 (char 0)
2026-06-18 14:23:43,479 [INFO] [145/31708] 처리 중...
2026-06-18 14:24:28,192 [INFO] HTTP Request: POST http://localhost:1234/v1/chat/completions "HTTP/1.1 200 OK"
2026-06-18 14:24:28,694 [INFO] [146/31708] 처리 중...
2026-06-18 14:25:15,989 [INFO] HTTP Request: POST http://localhost:1234/v1/chat/completions "HTTP/1.1 200 OK"
2026-06-18 14:25:16,491 [INFO] [147/31708] 처리 중...
2026-06-18 14:25:57,178 [INFO] HTTP Request: POST http://localhost:1234/v1/chat/completions "HTTP/1.1 200 OK"
2026-06-18 14:25:57,681 [INFO] [148/31708] 처리 중...
2026-06-18 14:29:19,070 [INFO] HTTP Request: POST http://localhost:1234/v1/chat/completions "HTTP/1.1 200 OK"
2026-06-18 14:29:19,071 [INFO] Error 추출 실패: Expecting value: line 1 column 1 (char 0)
2026-06-18 14:29:19,572 [INFO] [149/31708] 처리 중...
2026-06-18 14:30:00,094 [INFO] HTTP Request: POST http://localhost:1234/v1/chat/completions "HTTP/1.1 200 OK"
2026-06-18 14:30:00,596 [INFO] [150/31708] 처리 중...
2026-06-18 14:30:35,901 [INFO] HTTP Request: POST http://localhost:1234/v1/chat/completions "HTTP/1.1 200 OK"
2026-06-18 14:30:35,906 [INFO] 💾 [150/31708] 데이터 중간 저장 완료!
2026-06-18 14:30:36,407 [INFO] [151/31708] 처리 중...
2026-06-18 14:31:13,502 [INFO] HTTP Request: POST http://localhost:1234/v1/chat/completions "HTTP/1.1 200 OK"
2026-06-18 14:31:14,003 [INFO] [152/31708] 처리 중...
2026-06-18 14:31:48,124 [INFO] HTTP Request: POST http://localhost:1234/v1/chat/completions "HTTP/1.1 200 OK"
2026-06-18 14:31:48,626 [INFO] [153/31708] 처리 중...
2026-06-18 14:35:11,555 [INFO] HTTP Request: POST http://localhost:1234/v1/chat/completions "HTTP/1.1 200 OK"
2026-06-18 14:35:11,556 [INFO] Error 추출 실패: Expecting value: line 1 column 1 (char 0)
2026-06-18 14:35:12,057 [INFO] [154/31708] 처리 중...
2026-06-18 14:35:52,541 [INFO] HTTP Request: POST http://localhost:1234/v1/chat/completions "HTTP/1.1 200 OK"
2026-06-18 14:35:53,043 [INFO] [155/31708] 처리 중...
2026-06-18 14:36:27,006 [INFO] HTTP Request: POST http://localhost:1234/v1/chat/completions "HTTP/1.1 200 OK"
2026-06-18 14:36:27,507 [INFO] [156/31708] 처리 중...
2026-06-18 14:37:26,375 [INFO] HTTP Request: POST http://localhost:1234/v1/chat/completions "HTTP/1.1 200 OK"
2026-06-18 14:37:26,876 [INFO] [157/31708] 처리 중...
2026-06-18 14:37:55,371 [INFO] HTTP Request: POST http://localhost:1234/v1/chat/completions "HTTP/1.1 200 OK"
2026-06-18 14:37:55,872 [INFO] [158/31708] 처리 중...
2026-06-18 14:38:25,713 [INFO] HTTP Request: POST http://localhost:1234/v1/chat/completions "HTTP/1.1 200 OK"
2026-06-18 14:38:26,214 [INFO] [159/31708] 처리 중...
2026-06-18 14:41:51,468 [INFO] HTTP Request: POST http://localhost:1234/v1/chat/completions "HTTP/1.1 200 OK"
2026-06-18 14:41:51,469 [INFO] Error 추출 실패: Expecting value: line 1 column 1 (char 0)
2026-06-18 14:41:51,972 [INFO] [160/31708] 처리 중...
2026-06-18 14:45:17,915 [INFO] HTTP Request: POST http://localhost:1234/v1/chat/completions "HTTP/1.1 200 OK"
2026-06-18 14:45:17,915 [INFO] Error 추출 실패: Expecting value: line 1 column 1 (char 0)
2026-06-18 14:45:18,417 [INFO] [161/31708] 처리 중...
2026-06-18 14:45:50,345 [INFO] HTTP Request: POST http://localhost:1234/v1/chat/completions "HTTP/1.1 200 OK"
2026-06-18 14:45:50,847 [INFO] [162/31708] 처리 중...
2026-06-18 14:46:16,443 [INFO] HTTP Request: POST http://localhost:1234/v1/chat/completions "HTTP/1.1 200 OK"
2026-06-18 14:46:16,945 [INFO] [163/31708] 처리 중...
2026-06-18 14:46:28,295 [INFO] HTTP Request: POST http://localhost:1234/v1/chat/completions "HTTP/1.1 200 OK"
2026-06-18 14:46:28,797 [INFO] [164/31708] 처리 중...
2026-06-18 14:46:52,384 [INFO] HTTP Request: POST http://localhost:1234/v1/chat/completions "HTTP/1.1 200 OK"
2026-06-18 14:46:52,885 [INFO] [165/31708] 처리 중...
2026-06-18 14:47:36,926 [INFO] HTTP Request: POST http://localhost:1234/v1/chat/completions "HTTP/1.1 200 OK"
2026-06-18 14:47:37,427 [INFO] [166/31708] 처리 중...
2026-06-18 14:48:01,024 [INFO] HTTP Request: POST http://localhost:1234/v1/chat/completions "HTTP/1.1 200 OK"
2026-06-18 14:48:01,525 [INFO] [167/31708] 처리 중...
2026-06-18 14:48:33,264 [INFO] HTTP Request: POST http://localhost:1234/v1/chat/completions "HTTP/1.1 200 OK"
2026-06-18 14:48:33,766 [INFO] [168/31708] 처리 중...
2026-06-18 14:48:55,874 [INFO] HTTP Request: POST http://localhost:1234/v1/chat/completions "HTTP/1.1 200 OK"
2026-06-18 14:48:56,375 [INFO] [169/31708] 처리 중...
2026-06-18 14:49:27,718 [INFO] HTTP Request: POST http://localhost:1234/v1/chat/completions "HTTP/1.1 200 OK"
2026-06-18 14:49:28,219 [INFO] [170/31708] 처리 중...
2026-06-18 14:49:56,520 [INFO] HTTP Request: POST http://localhost:1234/v1/chat/completions "HTTP/1.1 200 OK"
2026-06-18 14:49:57,021 [INFO] [171/31708] 처리 중...
2026-06-18 14:50:27,751 [INFO] HTTP Request: POST http://localhost:1234/v1/chat/completions "HTTP/1.1 200 OK"
2026-06-18 14:50:28,253 [INFO] [172/31708] 처리 중...
2026-06-18 14:51:05,598 [INFO] HTTP Request: POST http://localhost:1234/v1/chat/completions "HTTP/1.1 200 OK"
2026-06-18 14:51:06,100 [INFO] [173/31708] 처리 중...
2026-06-18 14:51:42,577 [INFO] HTTP Request: POST http://localhost:1234/v1/chat/completions "HTTP/1.1 200 OK"
2026-06-18 14:51:43,078 [INFO] [174/31708] 처리 중...
2026-06-18 14:52:11,630 [INFO] HTTP Request: POST http://localhost:1234/v1/chat/completions "HTTP/1.1 200 OK"
2026-06-18 14:52:12,131 [INFO] [175/31708] 처리 중...
2026-06-18 14:52:59,033 [INFO] HTTP Request: POST http://localhost:1234/v1/chat/completions "HTTP/1.1 200 OK"
2026-06-18 14:52:59,536 [INFO] [176/31708] 처리 중...
2026-06-18 14:53:19,759 [INFO] HTTP Request: POST http://localhost:1234/v1/chat/completions "HTTP/1.1 200 OK"
2026-06-18 14:53:20,261 [INFO] [177/31708] 처리 중...
2026-06-18 14:54:08,271 [INFO] HTTP Request: POST http://localhost:1234/v1/chat/completions "HTTP/1.1 200 OK"
2026-06-18 14:54:08,773 [INFO] [178/31708] 처리 중...
2026-06-18 14:54:37,579 [INFO] HTTP Request: POST http://localhost:1234/v1/chat/completions "HTTP/1.1 200 OK"
2026-06-18 14:54:38,081 [INFO] [179/31708] 처리 중...
2026-06-18 14:55:02,048 [INFO] HTTP Request: POST http://localhost:1234/v1/chat/completions "HTTP/1.1 200 OK"
2026-06-18 14:55:02,550 [INFO] [180/31708] 처리 중...
2026-06-18 14:55:53,081 [INFO] HTTP Request: POST http://localhost:1234/v1/chat/completions "HTTP/1.1 200 OK"
2026-06-18 14:55:53,583 [INFO] [181/31708] 처리 중...
2026-06-18 14:56:25,376 [INFO] HTTP Request: POST http://localhost:1234/v1/chat/completions "HTTP/1.1 200 OK"
2026-06-18 14:56:25,879 [INFO] [182/31708] 처리 중...
2026-06-18 14:57:09,382 [INFO] HTTP Request: POST http://localhost:1234/v1/chat/completions "HTTP/1.1 200 OK"
2026-06-18 14:57:09,884 [INFO] [183/31708] 처리 중...
2026-06-18 14:57:41,778 [INFO] HTTP Request: POST http://localhost:1234/v1/chat/completions "HTTP/1.1 200 OK"
2026-06-18 14:57:42,279 [INFO] [184/31708] 처리 중...
2026-06-18 14:58:12,093 [INFO] HTTP Request: POST http://localhost:1234/v1/chat/completions "HTTP/1.1 200 OK"
2026-06-18 14:58:12,594 [INFO] [185/31708] 처리 중...
2026-06-18 14:58:42,059 [INFO] HTTP Request: POST http://localhost:1234/v1/chat/completions "HTTP/1.1 200 OK"
2026-06-18 14:58:42,561 [INFO] [186/31708] 처리 중...
2026-06-18 14:59:25,459 [INFO] HTTP Request: POST http://localhost:1234/v1/chat/completions "HTTP/1.1 200 OK"
2026-06-18 14:59:25,960 [INFO] [187/31708] 처리 중...
2026-06-18 14:59:54,006 [INFO] HTTP Request: POST http://localhost:1234/v1/chat/completions "HTTP/1.1 200 OK"
2026-06-18 14:59:54,508 [INFO] [188/31708] 처리 중...
2026-06-18 15:00:44,451 [INFO] HTTP Request: POST http://localhost:1234/v1/chat/completions "HTTP/1.1 200 OK"
2026-06-18 15:00:44,953 [INFO] [189/31708] 처리 중...
2026-06-18 15:01:32,272 [INFO] HTTP Request: POST http://localhost:1234/v1/chat/completions "HTTP/1.1 200 OK"
2026-06-18 15:01:32,774 [INFO] [190/31708] 처리 중...
2026-06-18 15:02:03,471 [INFO] HTTP Request: POST http://localhost:1234/v1/chat/completions "HTTP/1.1 200 OK"
2026-06-18 15:02:03,972 [INFO] [191/31708] 처리 중...
2026-06-18 15:05:29,075 [INFO] HTTP Request: POST http://localhost:1234/v1/chat/completions "HTTP/1.1 200 OK"
2026-06-18 15:05:29,076 [INFO] Error 추출 실패: Expecting value: line 1 column 1 (char 0)
2026-06-18 15:05:29,577 [INFO] [192/31708] 처리 중...
2026-06-18 15:06:01,711 [INFO] HTTP Request: POST http://localhost:1234/v1/chat/completions "HTTP/1.1 200 OK"
2026-06-18 15:06:02,213 [INFO] [193/31708] 처리 중...
2026-06-18 15:06:40,987 [INFO] HTTP Request: POST http://localhost:1234/v1/chat/completions "HTTP/1.1 200 OK"
2026-06-18 15:06:41,489 [INFO] [194/31708] 처리 중...
2026-06-18 15:07:04,153 [INFO] HTTP Request: POST http://localhost:1234/v1/chat/completions "HTTP/1.1 200 OK"
2026-06-18 15:07:04,654 [INFO] [195/31708] 처리 중...
2026-06-18 15:07:32,660 [INFO] HTTP Request: POST http://localhost:1234/v1/chat/completions "HTTP/1.1 200 OK"
2026-06-18 15:07:33,161 [INFO] [196/31708] 처리 중...
2026-06-18 15:08:01,577 [INFO] HTTP Request: POST http://localhost:1234/v1/chat/completions "HTTP/1.1 200 OK"
2026-06-18 15:08:02,079 [INFO] [197/31708] 처리 중...
2026-06-18 15:08:30,215 [INFO] HTTP Request: POST http://localhost:1234/v1/chat/completions "HTTP/1.1 200 OK"
2026-06-18 15:08:30,716 [INFO] [198/31708] 처리 중...
2026-06-18 15:09:02,851 [INFO] HTTP Request: POST http://localhost:1234/v1/chat/completions "HTTP/1.1 200 OK"
2026-06-18 15:09:03,353 [INFO] [199/31708] 처리 중...
2026-06-18 15:09:33,426 [INFO] HTTP Request: POST http://localhost:1234/v1/chat/completions "HTTP/1.1 200 OK"
2026-06-18 15:09:33,928 [INFO] [200/31708] 처리 중...
2026-06-18 15:10:04,042 [INFO] HTTP Request: POST http://localhost:1234/v1/chat/completions "HTTP/1.1 200 OK"
2026-06-18 15:10:04,049 [INFO] 💾 [200/31708] 데이터 중간 저장 완료!
2026-06-18 15:10:04,549 [INFO] [201/31708] 처리 중...
2026-06-18 15:10:30,635 [INFO] HTTP Request: POST http://localhost:1234/v1/chat/completions "HTTP/1.1 200 OK"
2026-06-18 15:10:31,136 [INFO] [202/31708] 처리 중...
2026-06-18 15:10:57,399 [INFO] HTTP Request: POST http://localhost:1234/v1/chat/completions "HTTP/1.1 200 OK"
2026-06-18 15:10:57,903 [INFO] [203/31708] 처리 중...
2026-06-18 15:11:39,938 [INFO] HTTP Request: POST http://localhost:1234/v1/chat/completions "HTTP/1.1 200 OK"
2026-06-18 15:11:40,442 [INFO] [204/31708] 처리 중...
2026-06-18 15:12:25,744 [INFO] HTTP Request: POST http://localhost:1234/v1/chat/completions "HTTP/1.1 200 OK"
2026-06-18 15:12:26,245 [INFO] [205/31708] 처리 중...
2026-06-18 15:13:20,917 [INFO] HTTP Request: POST http://localhost:1234/v1/chat/completions "HTTP/1.1 200 OK"
2026-06-18 15:13:21,422 [INFO] [206/31708] 처리 중...
2026-06-18 15:13:59,619 [INFO] HTTP Request: POST http://localhost:1234/v1/chat/completions "HTTP/1.1 200 OK"
2026-06-18 15:14:00,121 [INFO] [207/31708] 처리 중...
2026-06-18 15:14:41,145 [INFO] HTTP Request: POST http://localhost:1234/v1/chat/completions "HTTP/1.1 200 OK"
2026-06-18 15:14:41,649 [INFO] [208/31708] 처리 중...
2026-06-18 15:15:17,080 [INFO] HTTP Request: POST http://localhost:1234/v1/chat/completions "HTTP/1.1 200 OK"
2026-06-18 15:15:17,585 [INFO] [209/31708] 처리 중...
2026-06-18 15:15:43,562 [INFO] HTTP Request: POST http://localhost:1234/v1/chat/completions "HTTP/1.1 200 OK"
2026-06-18 15:15:44,065 [INFO] [210/31708] 처리 중...
2026-06-18 15:19:09,289 [INFO] HTTP Request: POST http://localhost:1234/v1/chat/completions "HTTP/1.1 200 OK"
2026-06-18 15:19:09,290 [INFO] Error 추출 실패: Expecting value: line 1 column 1 (char 0)
2026-06-18 15:19:09,791 [INFO] [211/31708] 처리 중...
2026-06-18 15:19:39,288 [INFO] HTTP Request: POST http://localhost:1234/v1/chat/completions "HTTP/1.1 200 OK"
2026-06-18 15:19:39,791 [INFO] [212/31708] 처리 중...
2026-06-18 15:20:05,437 [INFO] HTTP Request: POST http://localhost:1234/v1/chat/completions "HTTP/1.1 200 OK"
2026-06-18 15:20:05,940 [INFO] [213/31708] 처리 중...
2026-06-18 15:21:04,848 [INFO] HTTP Request: POST http://localhost:1234/v1/chat/completions "HTTP/1.1 200 OK"
2026-06-18 15:21:05,351 [INFO] [214/31708] 처리 중...
2026-06-18 15:21:37,813 [INFO] HTTP Request: POST http://localhost:1234/v1/chat/completions "HTTP/1.1 200 OK"
2026-06-18 15:21:38,315 [INFO] [215/31708] 처리 중...
2026-06-18 15:22:09,621 [INFO] HTTP Request: POST http://localhost:1234/v1/chat/completions "HTTP/1.1 200 OK"
2026-06-18 15:22:10,122 [INFO] [216/31708] 처리 중...
2026-06-18 15:23:10,756 [INFO] HTTP Request: POST http://localhost:1234/v1/chat/completions "HTTP/1.1 200 OK"
2026-06-18 15:23:11,261 [INFO] [217/31708] 처리 중...
2026-06-18 15:23:38,109 [INFO] HTTP Request: POST http://localhost:1234/v1/chat/completions "HTTP/1.1 200 OK"
2026-06-18 15:23:38,615 [INFO] [218/31708] 처리 중...
2026-06-18 15:24:09,273 [INFO] HTTP Request: POST http://localhost:1234/v1/chat/completions "HTTP/1.1 200 OK"
2026-06-18 15:24:09,775 [INFO] [219/31708] 처리 중...
2026-06-18 15:24:58,437 [INFO] HTTP Request: POST http://localhost:1234/v1/chat/completions "HTTP/1.1 200 OK"
2026-06-18 15:24:58,940 [INFO] [220/31708] 처리 중...
2026-06-18 15:25:35,569 [INFO] HTTP Request: POST http://localhost:1234/v1/chat/completions "HTTP/1.1 200 OK"
2026-06-18 15:25:36,071 [INFO] [221/31708] 처리 중...
2026-06-18 15:26:10,701 [INFO] HTTP Request: POST http://localhost:1234/v1/chat/completions "HTTP/1.1 200 OK"
2026-06-18 15:26:11,204 [INFO] [222/31708] 처리 중...
2026-06-18 15:26:56,499 [INFO] HTTP Request: POST http://localhost:1234/v1/chat/completions "HTTP/1.1 200 OK"
2026-06-18 15:26:57,001 [INFO] [223/31708] 처리 중...
2026-06-18 15:27:32,196 [INFO] HTTP Request: POST http://localhost:1234/v1/chat/completions "HTTP/1.1 200 OK"
2026-06-18 15:27:32,699 [INFO] [224/31708] 처리 중...
2026-06-18 15:28:19,891 [INFO] HTTP Request: POST http://localhost:1234/v1/chat/completions "HTTP/1.1 200 OK"
2026-06-18 15:28:20,394 [INFO] [225/31708] 처리 중...
2026-06-18 15:29:21,641 [INFO] HTTP Request: POST http://localhost:1234/v1/chat/completions "HTTP/1.1 200 OK"
2026-06-18 15:29:22,143 [INFO] [226/31708] 처리 중...
2026-06-18 15:29:54,439 [INFO] HTTP Request: POST http://localhost:1234/v1/chat/completions "HTTP/1.1 200 OK"
2026-06-18 15:29:54,940 [INFO] [227/31708] 처리 중...
2026-06-18 15:33:21,430 [INFO] HTTP Request: POST http://localhost:1234/v1/chat/completions "HTTP/1.1 200 OK"
2026-06-18 15:33:21,431 [INFO] Error 추출 실패: Expecting value: line 1 column 1 (char 0)
2026-06-18 15:33:21,932 [INFO] [228/31708] 처리 중...
2026-06-18 15:33:56,162 [INFO] HTTP Request: POST http://localhost:1234/v1/chat/completions "HTTP/1.1 200 OK"
2026-06-18 15:33:56,664 [INFO] [229/31708] 처리 중...
2026-06-18 15:37:20,936 [INFO] HTTP Request: POST http://localhost:1234/v1/chat/completions "HTTP/1.1 200 OK"
2026-06-18 15:37:20,937 [INFO] Error 추출 실패: Expecting value: line 1 column 1 (char 0)
2026-06-18 15:37:21,438 [INFO] [230/31708] 처리 중...
2026-06-18 15:37:42,901 [INFO] HTTP Request: POST http://localhost:1234/v1/chat/completions "HTTP/1.1 200 OK"
2026-06-18 15:37:43,404 [INFO] [231/31708] 처리 중...
2026-06-18 15:38:17,999 [INFO] HTTP Request: POST http://localhost:1234/v1/chat/completions "HTTP/1.1 200 OK"
2026-06-18 15:38:18,501 [INFO] [232/31708] 처리 중...
2026-06-18 15:41:41,639 [INFO] HTTP Request: POST http://localhost:1234/v1/chat/completions "HTTP/1.1 200 OK"
2026-06-18 15:41:41,640 [INFO] Error 추출 실패: Expecting value: line 1 column 1 (char 0)
2026-06-18 15:41:42,144 [INFO] [233/31708] 처리 중...
2026-06-18 15:45:04,796 [INFO] HTTP Request: POST http://localhost:1234/v1/chat/completions "HTTP/1.1 200 OK"
2026-06-18 15:45:04,796 [INFO] Error 추출 실패: Expecting value: line 1 column 1 (char 0)
2026-06-18 15:45:05,298 [INFO] [234/31708] 처리 중...
2026-06-18 15:45:39,811 [INFO] HTTP Request: POST http://localhost:1234/v1/chat/completions "HTTP/1.1 200 OK"
2026-06-18 15:45:40,313 [INFO] [235/31708] 처리 중...
2026-06-18 15:46:14,041 [INFO] HTTP Request: POST http://localhost:1234/v1/chat/completions "HTTP/1.1 200 OK"
2026-06-18 15:46:14,543 [INFO] [236/31708] 처리 중...
2026-06-18 15:46:49,642 [INFO] HTTP Request: POST http://localhost:1234/v1/chat/completions "HTTP/1.1 200 OK"
2026-06-18 15:46:50,143 [INFO] [237/31708] 처리 중...
2026-06-18 15:47:17,321 [INFO] HTTP Request: POST http://localhost:1234/v1/chat/completions "HTTP/1.1 200 OK"
2026-06-18 15:47:17,823 [INFO] [238/31708] 처리 중...
2026-06-18 15:50:42,213 [INFO] HTTP Request: POST http://localhost:1234/v1/chat/completions "HTTP/1.1 200 OK"
2026-06-18 15:50:42,214 [INFO] Error 추출 실패: Expecting value: line 1 column 1 (char 0)
2026-06-18 15:50:42,715 [INFO] [239/31708] 처리 중...
2026-06-18 15:51:09,662 [INFO] HTTP Request: POST http://localhost:1234/v1/chat/completions "HTTP/1.1 200 OK"
2026-06-18 15:51:10,164 [INFO] [240/31708] 처리 중...
2026-06-18 15:54:32,518 [INFO] HTTP Request: POST http://localhost:1234/v1/chat/completions "HTTP/1.1 200 OK"
2026-06-18 15:54:32,519 [INFO] Error 추출 실패: Expecting value: line 1 column 1 (char 0)
2026-06-18 15:54:33,021 [INFO] [241/31708] 처리 중...
2026-06-18 15:54:57,317 [INFO] HTTP Request: POST http://localhost:1234/v1/chat/completions "HTTP/1.1 200 OK"
2026-06-18 15:54:57,820 [INFO] [242/31708] 처리 중...
2026-06-18 15:55:40,615 [INFO] HTTP Request: POST http://localhost:1234/v1/chat/completions "HTTP/1.1 200 OK"
2026-06-18 15:55:41,118 [INFO] [243/31708] 처리 중...
2026-06-18 15:59:04,339 [INFO] HTTP Request: POST http://localhost:1234/v1/chat/completions "HTTP/1.1 200 OK"
2026-06-18 15:59:04,340 [INFO] Error 추출 실패: Expecting value: line 1 column 1 (char 0)
2026-06-18 15:59:04,842 [INFO] [244/31708] 처리 중...
2026-06-18 15:59:40,651 [INFO] HTTP Request: POST http://localhost:1234/v1/chat/completions "HTTP/1.1 200 OK"
2026-06-18 15:59:40,652 [INFO] Error 추출 실패: Expecting value: line 1 column 1 (char 0)
2026-06-18 15:59:41,153 [INFO] [245/31708] 처리 중...
2026-06-18 16:03:04,346 [INFO] HTTP Request: POST http://localhost:1234/v1/chat/completions "HTTP/1.1 200 OK"
2026-06-18 16:03:04,347 [INFO] Error 추출 실패: Expecting value: line 1 column 1 (char 0)
2026-06-18 16:03:04,849 [INFO] [246/31708] 처리 중...
2026-06-18 16:03:45,628 [INFO] HTTP Request: POST http://localhost:1234/v1/chat/completions "HTTP/1.1 200 OK"
2026-06-18 16:03:46,134 [INFO] [247/31708] 처리 중...
2026-06-18 16:04:18,127 [INFO] HTTP Request: POST http://localhost:1234/v1/chat/completions "HTTP/1.1 200 OK"
2026-06-18 16:04:18,628 [INFO] [248/31708] 처리 중...
2026-06-18 16:04:41,174 [INFO] HTTP Request: POST http://localhost:1234/v1/chat/completions "HTTP/1.1 200 OK"
2026-06-18 16:04:41,676 [INFO] [249/31708] 처리 중...
2026-06-18 16:05:15,205 [INFO] HTTP Request: POST http://localhost:1234/v1/chat/completions "HTTP/1.1 200 OK"
2026-06-18 16:05:15,709 [INFO] [250/31708] 처리 중...
2026-06-18 16:05:54,159 [INFO] HTTP Request: POST http://localhost:1234/v1/chat/completions "HTTP/1.1 200 OK"
2026-06-18 16:05:54,166 [INFO] 💾 [250/31708] 데이터 중간 저장 완료!
2026-06-18 16:05:54,667 [INFO] [251/31708] 처리 중...
2026-06-18 16:06:18,869 [INFO] HTTP Request: POST http://localhost:1234/v1/chat/completions "HTTP/1.1 200 OK"
2026-06-18 16:06:19,371 [INFO] [252/31708] 처리 중...
2026-06-18 16:09:43,129 [INFO] HTTP Request: POST http://localhost:1234/v1/chat/completions "HTTP/1.1 200 OK"
2026-06-18 16:09:43,130 [INFO] Error 추출 실패: Expecting value: line 1 column 1 (char 0)
2026-06-18 16:09:43,632 [INFO] [253/31708] 처리 중...
2026-06-18 16:13:08,520 [INFO] HTTP Request: POST http://localhost:1234/v1/chat/completions "HTTP/1.1 200 OK"
2026-06-18 16:13:08,521 [INFO] Error 추출 실패: Expecting value: line 1 column 1 (char 0)
2026-06-18 16:13:09,023 [INFO] [254/31708] 처리 중...
2026-06-18 16:13:54,118 [INFO] HTTP Request: POST http://localhost:1234/v1/chat/completions "HTTP/1.1 200 OK"
2026-06-18 16:13:54,620 [INFO] [255/31708] 처리 중...
2026-06-18 16:17:19,570 [INFO] HTTP Request: POST http://localhost:1234/v1/chat/completions "HTTP/1.1 200 OK"
2026-06-18 16:17:19,571 [INFO] Error 추출 실패: Expecting value: line 1 column 1 (char 0)
2026-06-18 16:17:20,072 [INFO] [256/31708] 처리 중...
2026-06-18 16:17:55,897 [INFO] HTTP Request: POST http://localhost:1234/v1/chat/completions "HTTP/1.1 200 OK"
2026-06-18 16:17:56,399 [INFO] [257/31708] 처리 중...
2026-06-18 16:18:26,335 [INFO] HTTP Request: POST http://localhost:1234/v1/chat/completions "HTTP/1.1 200 OK"
2026-06-18 16:18:26,837 [INFO] [258/31708] 처리 중...
2026-06-18 16:18:55,227 [INFO] HTTP Request: POST http://localhost:1234/v1/chat/completions "HTTP/1.1 200 OK"
2026-06-18 16:18:55,731 [INFO] [259/31708] 처리 중...
2026-06-18 16:19:42,196 [INFO] HTTP Request: POST http://localhost:1234/v1/chat/completions "HTTP/1.1 200 OK"
2026-06-18 16:19:42,698 [INFO] [260/31708] 처리 중...
2026-06-18 16:20:21,688 [INFO] HTTP Request: POST http://localhost:1234/v1/chat/completions "HTTP/1.1 200 OK"
2026-06-18 16:20:22,190 [INFO] [261/31708] 처리 중...
2026-06-18 16:21:01,275 [INFO] HTTP Request: POST http://localhost:1234/v1/chat/completions "HTTP/1.1 200 OK"
2026-06-18 16:21:01,776 [INFO] [262/31708] 처리 중...
2026-06-18 16:24:27,173 [INFO] HTTP Request: POST http://localhost:1234/v1/chat/completions "HTTP/1.1 200 OK"
2026-06-18 16:24:27,174 [INFO] Error 추출 실패: Expecting value: line 1 column 1 (char 0)
2026-06-18 16:24:27,675 [INFO] [263/31708] 처리 중...
2026-06-18 16:25:15,635 [INFO] HTTP Request: POST http://localhost:1234/v1/chat/completions "HTTP/1.1 200 OK"
2026-06-18 16:25:16,139 [INFO] [264/31708] 처리 중...
2026-06-18 16:25:48,321 [INFO] HTTP Request: POST http://localhost:1234/v1/chat/completions "HTTP/1.1 200 OK"
2026-06-18 16:25:48,825 [INFO] [265/31708] 처리 중...
2026-06-18 16:26:17,626 [INFO] HTTP Request: POST http://localhost:1234/v1/chat/completions "HTTP/1.1 200 OK"
2026-06-18 16:26:18,128 [INFO] [266/31708] 처리 중...
2026-06-18 16:27:06,392 [INFO] HTTP Request: POST http://localhost:1234/v1/chat/completions "HTTP/1.1 200 OK"
2026-06-18 16:27:06,894 [INFO] [267/31708] 처리 중...
2026-06-18 16:30:30,261 [INFO] HTTP Request: POST http://localhost:1234/v1/chat/completions "HTTP/1.1 200 OK"
2026-06-18 16:30:30,262 [INFO] Error 추출 실패: Expecting value: line 1 column 1 (char 0)
2026-06-18 16:30:30,764 [INFO] [268/31708] 처리 중...
2026-06-18 16:31:23,940 [INFO] HTTP Request: POST http://localhost:1234/v1/chat/completions "HTTP/1.1 200 OK"
2026-06-18 16:31:24,443 [INFO] [269/31708] 처리 중...
2026-06-18 16:32:02,078 [INFO] HTTP Request: POST http://localhost:1234/v1/chat/completions "HTTP/1.1 200 OK"
2026-06-18 16:32:02,580 [INFO] [270/31708] 처리 중...
2026-06-18 16:32:37,442 [INFO] HTTP Request: POST http://localhost:1234/v1/chat/completions "HTTP/1.1 200 OK"
2026-06-18 16:32:37,945 [INFO] [271/31708] 처리 중...
2026-06-18 16:33:24,222 [INFO] HTTP Request: POST http://localhost:1234/v1/chat/completions "HTTP/1.1 200 OK"
2026-06-18 16:33:24,725 [INFO] [272/31708] 처리 중...
2026-06-18 16:34:19,059 [INFO] HTTP Request: POST http://localhost:1234/v1/chat/completions "HTTP/1.1 200 OK"
2026-06-18 16:34:19,562 [INFO] [273/31708] 처리 중...
2026-06-18 16:34:51,966 [INFO] HTTP Request: POST http://localhost:1234/v1/chat/completions "HTTP/1.1 200 OK"
2026-06-18 16:34:52,469 [INFO] [274/31708] 처리 중...
2026-06-18 16:35:26,583 [INFO] HTTP Request: POST http://localhost:1234/v1/chat/completions "HTTP/1.1 200 OK"
2026-06-18 16:35:27,086 [INFO] [275/31708] 처리 중...
2026-06-18 16:36:02,617 [INFO] HTTP Request: POST http://localhost:1234/v1/chat/completions "HTTP/1.1 200 OK"
2026-06-18 16:36:03,119 [INFO] [276/31708] 처리 중...
2026-06-18 16:36:34,994 [INFO] HTTP Request: POST http://localhost:1234/v1/chat/completions "HTTP/1.1 200 OK"
2026-06-18 16:36:35,497 [INFO] [277/31708] 처리 중...
2026-06-18 16:37:04,189 [INFO] HTTP Request: POST http://localhost:1234/v1/chat/completions "HTTP/1.1 200 OK"
2026-06-18 16:37:04,691 [INFO] [278/31708] 처리 중...
2026-06-18 16:37:38,579 [INFO] HTTP Request: POST http://localhost:1234/v1/chat/completions "HTTP/1.1 200 OK"
2026-06-18 16:37:39,082 [INFO] [279/31708] 처리 중...
2026-06-18 16:41:06,866 [INFO] HTTP Request: POST http://localhost:1234/v1/chat/completions "HTTP/1.1 200 OK"
2026-06-18 16:41:06,867 [INFO] Error 추출 실패: Expecting value: line 1 column 1 (char 0)
2026-06-18 16:41:07,368 [INFO] [280/31708] 처리 중...
2026-06-18 16:42:03,861 [INFO] HTTP Request: POST http://localhost:1234/v1/chat/completions "HTTP/1.1 200 OK"
2026-06-18 16:42:04,363 [INFO] [281/31708] 처리 중...
2026-06-18 16:42:38,757 [INFO] HTTP Request: POST http://localhost:1234/v1/chat/completions "HTTP/1.1 200 OK"
2026-06-18 16:42:39,262 [INFO] [282/31708] 처리 중...
2026-06-18 16:43:14,402 [INFO] HTTP Request: POST http://localhost:1234/v1/chat/completions "HTTP/1.1 200 OK"
2026-06-18 16:43:14,905 [INFO] [283/31708] 처리 중...
2026-06-18 16:43:41,745 [INFO] HTTP Request: POST http://localhost:1234/v1/chat/completions "HTTP/1.1 200 OK"
2026-06-18 16:43:42,246 [INFO] [284/31708] 처리 중...
2026-06-18 16:44:08,541 [INFO] HTTP Request: POST http://localhost:1234/v1/chat/completions "HTTP/1.1 200 OK"
2026-06-18 16:44:09,046 [INFO] [285/31708] 처리 중...
2026-06-18 16:44:47,854 [INFO] HTTP Request: POST http://localhost:1234/v1/chat/completions "HTTP/1.1 200 OK"
2026-06-18 16:44:48,358 [INFO] [286/31708] 처리 중...
2026-06-18 16:45:20,753 [INFO] HTTP Request: POST http://localhost:1234/v1/chat/completions "HTTP/1.1 200 OK"
2026-06-18 16:45:21,257 [INFO] [287/31708] 처리 중...
2026-06-18 16:46:01,906 [INFO] HTTP Request: POST http://localhost:1234/v1/chat/completions "HTTP/1.1 200 OK"
2026-06-18 16:46:02,407 [INFO] [288/31708] 처리 중...
2026-06-18 16:46:45,765 [INFO] HTTP Request: POST http://localhost:1234/v1/chat/completions "HTTP/1.1 200 OK"
2026-06-18 16:46:46,267 [INFO] [289/31708] 처리 중...
2026-06-18 16:50:22,886 [INFO] HTTP Request: POST http://localhost:1234/v1/chat/completions "HTTP/1.1 200 OK"
2026-06-18 16:50:22,888 [INFO] Error 추출 실패: Expecting value: line 1 column 1 (char 0)
2026-06-18 16:50:23,389 [INFO] [290/31708] 처리 중...
2026-06-18 16:53:50,083 [INFO] HTTP Request: POST http://localhost:1234/v1/chat/completions "HTTP/1.1 200 OK"
2026-06-18 16:53:50,083 [INFO] Error 추출 실패: Expecting value: line 1 column 1 (char 0)
2026-06-18 16:53:50,584 [INFO] [291/31708] 처리 중...
2026-06-18 16:54:00,455 [INFO] HTTP Request: POST http://localhost:1234/v1/chat/completions "HTTP/1.1 200 OK"
2026-06-18 16:54:00,957 [INFO] [292/31708] 처리 중...
2026-06-18 16:54:31,388 [INFO] HTTP Request: POST http://localhost:1234/v1/chat/completions "HTTP/1.1 200 OK"
2026-06-18 16:54:31,889 [INFO] [293/31708] 처리 중...
2026-06-18 16:54:53,146 [INFO] HTTP Request: POST http://localhost:1234/v1/chat/completions "HTTP/1.1 200 OK"
2026-06-18 16:54:53,648 [INFO] [294/31708] 처리 중...
2026-06-18 16:56:07,246 [INFO] HTTP Request: POST http://localhost:1234/v1/chat/completions "HTTP/1.1 200 OK"
2026-06-18 16:56:07,749 [INFO] [295/31708] 처리 중...
2026-06-18 16:56:39,583 [INFO] HTTP Request: POST http://localhost:1234/v1/chat/completions "HTTP/1.1 200 OK"
2026-06-18 16:56:40,085 [INFO] [296/31708] 처리 중...
2026-06-18 17:00:03,544 [INFO] HTTP Request: POST http://localhost:1234/v1/chat/completions "HTTP/1.1 200 OK"
2026-06-18 17:00:03,545 [INFO] Error 추출 실패: Expecting value: line 1 column 1 (char 0)
2026-06-18 17:00:04,046 [INFO] [297/31708] 처리 중...
2026-06-18 17:00:41,304 [INFO] HTTP Request: POST http://localhost:1234/v1/chat/completions "HTTP/1.1 200 OK"
2026-06-18 17:00:41,806 [INFO] [298/31708] 처리 중...
2026-06-18 17:01:14,924 [INFO] HTTP Request: POST http://localhost:1234/v1/chat/completions "HTTP/1.1 200 OK"
2026-06-18 17:01:15,426 [INFO] [299/31708] 처리 중...
2026-06-18 17:04:41,584 [INFO] HTTP Request: POST http://localhost:1234/v1/chat/completions "HTTP/1.1 200 OK"
2026-06-18 17:04:41,585 [INFO] Error 추출 실패: Expecting value: line 1 column 1 (char 0)
2026-06-18 17:04:42,086 [INFO] [300/31708] 처리 중...
2026-06-18 17:05:45,477 [INFO] HTTP Request: POST http://localhost:1234/v1/chat/completions "HTTP/1.1 200 OK"
2026-06-18 17:05:45,489 [INFO] 💾 [300/31708] 데이터 중간 저장 완료!
2026-06-18 17:05:45,990 [INFO] [301/31708] 처리 중...
2026-06-18 17:06:22,255 [INFO] HTTP Request: POST http://localhost:1234/v1/chat/completions "HTTP/1.1 200 OK"
2026-06-18 17:06:22,756 [INFO] [302/31708] 처리 중...
2026-06-18 17:08:12,343 [INFO] HTTP Request: POST http://localhost:1234/v1/chat/completions "HTTP/1.1 200 OK"
2026-06-18 17:08:12,844 [INFO] [303/31708] 처리 중...
2026-06-18 17:08:39,757 [INFO] HTTP Request: POST http://localhost:1234/v1/chat/completions "HTTP/1.1 200 OK"
2026-06-18 17:08:40,259 [INFO] [304/31708] 처리 중...
2026-06-18 17:09:42,375 [INFO] HTTP Request: POST http://localhost:1234/v1/chat/completions "HTTP/1.1 200 OK"
2026-06-18 17:09:42,877 [INFO] [305/31708] 처리 중...
2026-06-18 17:10:13,190 [INFO] HTTP Request: POST http://localhost:1234/v1/chat/completions "HTTP/1.1 200 OK"
2026-06-18 17:10:13,692 [INFO] [306/31708] 처리 중...
2026-06-18 17:11:13,755 [INFO] HTTP Request: POST http://localhost:1234/v1/chat/completions "HTTP/1.1 200 OK"
2026-06-18 17:11:14,256 [INFO] [307/31708] 처리 중...
2026-06-18 17:11:54,562 [INFO] HTTP Request: POST http://localhost:1234/v1/chat/completions "HTTP/1.1 200 OK"
2026-06-18 17:11:55,063 [INFO] [308/31708] 처리 중...
2026-06-18 17:12:37,583 [INFO] HTTP Request: POST http://localhost:1234/v1/chat/completions "HTTP/1.1 200 OK"
2026-06-18 17:12:38,084 [INFO] [309/31708] 처리 중...
2026-06-18 17:13:34,411 [INFO] HTTP Request: POST http://localhost:1234/v1/chat/completions "HTTP/1.1 200 OK"
2026-06-18 17:13:34,914 [INFO] [310/31708] 처리 중...
2026-06-18 17:14:00,229 [INFO] HTTP Request: POST http://localhost:1234/v1/chat/completions "HTTP/1.1 200 OK"
2026-06-18 17:14:00,730 [INFO] [311/31708] 처리 중...
2026-06-18 17:14:30,139 [INFO] HTTP Request: POST http://localhost:1234/v1/chat/completions "HTTP/1.1 200 OK"
2026-06-18 17:14:30,641 [INFO] [312/31708] 처리 중...
2026-06-18 17:15:05,079 [INFO] HTTP Request: POST http://localhost:1234/v1/chat/completions "HTTP/1.1 200 OK"
2026-06-18 17:15:05,582 [INFO] [313/31708] 처리 중...
2026-06-18 17:16:26,551 [INFO] HTTP Request: POST http://localhost:1234/v1/chat/completions "HTTP/1.1 200 OK"
2026-06-18 17:16:27,053 [INFO] [314/31708] 처리 중...
2026-06-18 17:17:17,528 [INFO] HTTP Request: POST http://localhost:1234/v1/chat/completions "HTTP/1.1 200 OK"
2026-06-18 17:17:18,030 [INFO] [315/31708] 처리 중...
2026-06-18 17:17:45,432 [INFO] HTTP Request: POST http://localhost:1234/v1/chat/completions "HTTP/1.1 200 OK"
2026-06-18 17:17:45,934 [INFO] [316/31708] 처리 중...
2026-06-18 17:18:17,909 [INFO] HTTP Request: POST http://localhost:1234/v1/chat/completions "HTTP/1.1 200 OK"
2026-06-18 17:18:18,411 [INFO] [317/31708] 처리 중...
2026-06-18 17:18:46,132 [INFO] HTTP Request: POST http://localhost:1234/v1/chat/completions "HTTP/1.1 200 OK"
2026-06-18 17:18:46,637 [INFO] [318/31708] 처리 중...
2026-06-18 17:19:11,451 [INFO] HTTP Request: POST http://localhost:1234/v1/chat/completions "HTTP/1.1 200 OK"
2026-06-18 17:19:11,953 [INFO] [319/31708] 처리 중...
2026-06-18 17:19:37,670 [INFO] HTTP Request: POST http://localhost:1234/v1/chat/completions "HTTP/1.1 200 OK"
2026-06-18 17:19:38,171 [INFO] [320/31708] 처리 중...
2026-06-18 17:20:16,019 [INFO] HTTP Request: POST http://localhost:1234/v1/chat/completions "HTTP/1.1 200 OK"
2026-06-18 17:20:16,520 [INFO] [321/31708] 처리 중...
2026-06-18 17:23:42,960 [INFO] HTTP Request: POST http://localhost:1234/v1/chat/completions "HTTP/1.1 200 OK"
2026-06-18 17:23:42,961 [INFO] Error 추출 실패: Expecting value: line 1 column 1 (char 0)
2026-06-18 17:23:43,463 [INFO] [322/31708] 처리 중...
2026-06-18 17:24:19,892 [INFO] HTTP Request: POST http://localhost:1234/v1/chat/completions "HTTP/1.1 200 OK"
2026-06-18 17:24:20,394 [INFO] [323/31708] 처리 중...
2026-06-18 17:25:14,855 [INFO] HTTP Request: POST http://localhost:1234/v1/chat/completions "HTTP/1.1 200 OK"
2026-06-18 17:25:15,356 [INFO] [324/31708] 처리 중...
2026-06-18 17:25:43,633 [INFO] HTTP Request: POST http://localhost:1234/v1/chat/completions "HTTP/1.1 200 OK"
2026-06-18 17:25:44,134 [INFO] [325/31708] 처리 중...
2026-06-18 17:26:11,725 [INFO] HTTP Request: POST http://localhost:1234/v1/chat/completions "HTTP/1.1 200 OK"
2026-06-18 17:26:12,229 [INFO] [326/31708] 처리 중...
2026-06-18 17:26:37,433 [INFO] HTTP Request: POST http://localhost:1234/v1/chat/completions "HTTP/1.1 200 OK"
2026-06-18 17:26:37,937 [INFO] [327/31708] 처리 중...
2026-06-18 17:27:06,432 [INFO] HTTP Request: POST http://localhost:1234/v1/chat/completions "HTTP/1.1 200 OK"
2026-06-18 17:27:06,934 [INFO] [328/31708] 처리 중...
2026-06-18 17:27:37,121 [INFO] HTTP Request: POST http://localhost:1234/v1/chat/completions "HTTP/1.1 200 OK"
2026-06-18 17:27:37,624 [INFO] [329/31708] 처리 중...
2026-06-18 17:28:18,445 [INFO] HTTP Request: POST http://localhost:1234/v1/chat/completions "HTTP/1.1 200 OK"
2026-06-18 17:28:18,948 [INFO] [330/31708] 처리 중...
2026-06-18 17:28:43,216 [INFO] HTTP Request: POST http://localhost:1234/v1/chat/completions "HTTP/1.1 200 OK"
2026-06-18 17:28:43,719 [INFO] [331/31708] 처리 중...
2026-06-18 17:29:23,124 [INFO] HTTP Request: POST http://localhost:1234/v1/chat/completions "HTTP/1.1 200 OK"
2026-06-18 17:29:23,627 [INFO] [332/31708] 처리 중...
2026-06-18 17:30:04,809 [INFO] HTTP Request: POST http://localhost:1234/v1/chat/completions "HTTP/1.1 200 OK"
2026-06-18 17:30:05,310 [INFO] [333/31708] 처리 중...
2026-06-18 17:30:44,330 [INFO] HTTP Request: POST http://localhost:1234/v1/chat/completions "HTTP/1.1 200 OK"
2026-06-18 17:30:44,832 [INFO] [334/31708] 처리 중...
2026-06-18 17:34:08,902 [INFO] HTTP Request: POST http://localhost:1234/v1/chat/completions "HTTP/1.1 200 OK"
2026-06-18 17:34:08,902 [INFO] Error 추출 실패: Expecting value: line 1 column 1 (char 0)
2026-06-18 17:34:09,405 [INFO] [335/31708] 처리 중...
2026-06-18 17:34:37,412 [INFO] HTTP Request: POST http://localhost:1234/v1/chat/completions "HTTP/1.1 200 OK"
2026-06-18 17:34:37,914 [INFO] [336/31708] 처리 중...
2026-06-18 17:38:01,545 [INFO] HTTP Request: POST http://localhost:1234/v1/chat/completions "HTTP/1.1 200 OK"
2026-06-18 17:38:01,546 [INFO] Error 추출 실패: Expecting value: line 1 column 1 (char 0)
2026-06-18 17:38:02,047 [INFO] [337/31708] 처리 중...
2026-06-18 17:38:46,673 [INFO] HTTP Request: POST http://localhost:1234/v1/chat/completions "HTTP/1.1 200 OK"
2026-06-18 17:38:47,177 [INFO] [338/31708] 처리 중...
2026-06-18 17:39:27,742 [INFO] HTTP Request: POST http://localhost:1234/v1/chat/completions "HTTP/1.1 200 OK"
2026-06-18 17:39:28,244 [INFO] [339/31708] 처리 중...
2026-06-18 17:42:53,222 [INFO] HTTP Request: POST http://localhost:1234/v1/chat/completions "HTTP/1.1 200 OK"
2026-06-18 17:42:53,225 [INFO] Error 추출 실패: Expecting value: line 1 column 1 (char 0)
2026-06-18 17:42:53,726 [INFO] [340/31708] 처리 중...
2026-06-18 17:43:38,285 [INFO] HTTP Request: POST http://localhost:1234/v1/chat/completions "HTTP/1.1 200 OK"
2026-06-18 17:43:38,787 [INFO] [341/31708] 처리 중...
2026-06-18 17:44:13,991 [INFO] HTTP Request: POST http://localhost:1234/v1/chat/completions "HTTP/1.1 200 OK"
2026-06-18 17:44:14,492 [INFO] [342/31708] 처리 중...
2026-06-18 17:47:36,896 [INFO] HTTP Request: POST http://localhost:1234/v1/chat/completions "HTTP/1.1 200 OK"
2026-06-18 17:47:36,897 [INFO] Error 추출 실패: Expecting value: line 1 column 1 (char 0)
2026-06-18 17:47:37,399 [INFO] [343/31708] 처리 중...
2026-06-18 17:48:08,018 [INFO] HTTP Request: POST http://localhost:1234/v1/chat/completions "HTTP/1.1 200 OK"
2026-06-18 17:48:08,523 [INFO] [344/31708] 처리 중...
2026-06-18 17:48:44,737 [INFO] HTTP Request: POST http://localhost:1234/v1/chat/completions "HTTP/1.1 200 OK"
2026-06-18 17:48:45,243 [INFO] [345/31708] 처리 중...
2026-06-18 17:49:15,852 [INFO] HTTP Request: POST http://localhost:1234/v1/chat/completions "HTTP/1.1 200 OK"
2026-06-18 17:49:16,356 [INFO] [346/31708] 처리 중...
2026-06-18 17:49:46,004 [INFO] HTTP Request: POST http://localhost:1234/v1/chat/completions "HTTP/1.1 200 OK"
2026-06-18 17:49:46,507 [INFO] [347/31708] 처리 중...
2026-06-18 17:50:13,313 [INFO] HTTP Request: POST http://localhost:1234/v1/chat/completions "HTTP/1.1 200 OK"
2026-06-18 17:50:13,817 [INFO] [348/31708] 처리 중...
2026-06-18 17:50:49,423 [INFO] HTTP Request: POST http://localhost:1234/v1/chat/completions "HTTP/1.1 200 OK"
2026-06-18 17:50:49,928 [INFO] [349/31708] 처리 중...
2026-06-18 17:51:23,343 [INFO] HTTP Request: POST http://localhost:1234/v1/chat/completions "HTTP/1.1 200 OK"
2026-06-18 17:51:23,847 [INFO] [350/31708] 처리 중...
2026-06-18 17:52:03,654 [INFO] HTTP Request: POST http://localhost:1234/v1/chat/completions "HTTP/1.1 200 OK"
2026-06-18 17:52:03,670 [INFO] 💾 [350/31708] 데이터 중간 저장 완료!
2026-06-18 17:52:04,172 [INFO] [351/31708] 처리 중...
2026-06-18 17:52:40,091 [INFO] HTTP Request: POST http://localhost:1234/v1/chat/completions "HTTP/1.1 200 OK"
2026-06-18 17:52:40,596 [INFO] [352/31708] 처리 중...
2026-06-18 17:53:42,702 [INFO] HTTP Request: POST http://localhost:1234/v1/chat/completions "HTTP/1.1 200 OK"
2026-06-18 17:53:43,206 [INFO] [353/31708] 처리 중...
2026-06-18 17:54:16,969 [INFO] HTTP Request: POST http://localhost:1234/v1/chat/completions "HTTP/1.1 200 OK"
2026-06-18 17:54:17,474 [INFO] [354/31708] 처리 중...
2026-06-18 17:55:35,497 [INFO] HTTP Request: POST http://localhost:1234/v1/chat/completions "HTTP/1.1 200 OK"
2026-06-18 17:55:36,002 [INFO] [355/31708] 처리 중...
2026-06-18 17:56:06,165 [INFO] HTTP Request: POST http://localhost:1234/v1/chat/completions "HTTP/1.1 200 OK"
2026-06-18 17:56:06,670 [INFO] [356/31708] 처리 중...
2026-06-18 17:56:58,682 [INFO] HTTP Request: POST http://localhost:1234/v1/chat/completions "HTTP/1.1 200 OK"
2026-06-18 17:56:59,188 [INFO] [357/31708] 처리 중...
2026-06-18 17:57:12,585 [INFO] HTTP Request: POST http://localhost:1234/v1/chat/completions "HTTP/1.1 200 OK"
2026-06-18 17:57:13,095 [INFO] [358/31708] 처리 중...
2026-06-18 17:57:56,083 [INFO] HTTP Request: POST http://localhost:1234/v1/chat/completions "HTTP/1.1 200 OK"
2026-06-18 17:57:56,587 [INFO] [359/31708] 처리 중...
2026-06-18 17:58:28,148 [INFO] HTTP Request: POST http://localhost:1234/v1/chat/completions "HTTP/1.1 200 OK"
2026-06-18 17:58:28,655 [INFO] [360/31708] 처리 중...
2026-06-18 17:59:23,575 [INFO] HTTP Request: POST http://localhost:1234/v1/chat/completions "HTTP/1.1 200 OK"
2026-06-18 17:59:24,081 [INFO] [361/31708] 처리 중...
2026-06-18 18:00:02,648 [INFO] HTTP Request: POST http://localhost:1234/v1/chat/completions "HTTP/1.1 200 OK"
2026-06-18 18:00:03,154 [INFO] [362/31708] 처리 중...
2026-06-18 18:03:25,061 [INFO] HTTP Request: POST http://localhost:1234/v1/chat/completions "HTTP/1.1 200 OK"
2026-06-18 18:03:25,064 [INFO] Error 추출 실패: Expecting value: line 1 column 1 (char 0)
2026-06-18 18:03:25,566 [INFO] [363/31708] 처리 중...
2026-06-18 18:04:06,682 [INFO] HTTP Request: POST http://localhost:1234/v1/chat/completions "HTTP/1.1 200 OK"
2026-06-18 18:04:07,188 [INFO] [364/31708] 처리 중...
2026-06-18 18:04:33,453 [INFO] HTTP Request: POST http://localhost:1234/v1/chat/completions "HTTP/1.1 200 OK"
2026-06-18 18:04:33,959 [INFO] [365/31708] 처리 중...
2026-06-18 18:05:13,111 [INFO] HTTP Request: POST http://localhost:1234/v1/chat/completions "HTTP/1.1 200 OK"
2026-06-18 18:05:13,616 [INFO] [366/31708] 처리 중...
2026-06-18 18:05:56,980 [INFO] HTTP Request: POST http://localhost:1234/v1/chat/completions "HTTP/1.1 200 OK"
2026-06-18 18:05:57,485 [INFO] [367/31708] 처리 중...
2026-06-18 18:06:35,254 [INFO] HTTP Request: POST http://localhost:1234/v1/chat/completions "HTTP/1.1 200 OK"
2026-06-18 18:06:35,760 [INFO] [368/31708] 처리 중...
2026-06-18 18:07:06,596 [INFO] HTTP Request: POST http://localhost:1234/v1/chat/completions "HTTP/1.1 200 OK"
2026-06-18 18:07:07,101 [INFO] [369/31708] 처리 중...
2026-06-18 18:10:28,459 [INFO] HTTP Request: POST http://localhost:1234/v1/chat/completions "HTTP/1.1 200 OK"
2026-06-18 18:10:28,463 [INFO] Error 추출 실패: Expecting value: line 1 column 1 (char 0)
2026-06-18 18:10:28,965 [INFO] [370/31708] 처리 중...
2026-06-18 18:11:06,469 [INFO] HTTP Request: POST http://localhost:1234/v1/chat/completions "HTTP/1.1 200 OK"
2026-06-18 18:11:06,974 [INFO] [371/31708] 처리 중...
2026-06-18 18:11:48,038 [INFO] HTTP Request: POST http://localhost:1234/v1/chat/completions "HTTP/1.1 200 OK"
2026-06-18 18:11:48,542 [INFO] [372/31708] 처리 중...
2026-06-18 18:15:10,051 [INFO] HTTP Request: POST http://localhost:1234/v1/chat/completions "HTTP/1.1 200 OK"
2026-06-18 18:15:10,055 [INFO] Error 추출 실패: Expecting value: line 1 column 1 (char 0)
2026-06-18 18:15:10,558 [INFO] [373/31708] 처리 중...
2026-06-18 18:18:32,317 [INFO] HTTP Request: POST http://localhost:1234/v1/chat/completions "HTTP/1.1 200 OK"
2026-06-18 18:18:32,322 [INFO] Error 추출 실패: Expecting value: line 1 column 1 (char 0)
2026-06-18 18:18:32,825 [INFO] [374/31708] 처리 중...
2026-06-18 18:19:10,119 [INFO] HTTP Request: POST http://localhost:1234/v1/chat/completions "HTTP/1.1 200 OK"
2026-06-18 18:19:10,623 [INFO] [375/31708] 처리 중...
2026-06-18 18:19:37,557 [INFO] HTTP Request: POST http://localhost:1234/v1/chat/completions "HTTP/1.1 200 OK"
2026-06-18 18:19:38,058 [INFO] [376/31708] 처리 중...
2026-06-18 18:20:32,217 [INFO] HTTP Request: POST http://localhost:1234/v1/chat/completions "HTTP/1.1 200 OK"
2026-06-18 18:20:32,720 [INFO] [377/31708] 처리 중...
2026-06-18 18:21:00,769 [INFO] HTTP Request: POST http://localhost:1234/v1/chat/completions "HTTP/1.1 200 OK"
2026-06-18 18:21:01,274 [INFO] [378/31708] 처리 중...
2026-06-18 18:21:33,820 [INFO] HTTP Request: POST http://localhost:1234/v1/chat/completions "HTTP/1.1 200 OK"
2026-06-18 18:21:34,325 [INFO] [379/31708] 처리 중...
2026-06-18 18:22:08,901 [INFO] HTTP Request: POST http://localhost:1234/v1/chat/completions "HTTP/1.1 200 OK"
2026-06-18 18:22:09,407 [INFO] [380/31708] 처리 중...
2026-06-18 18:22:35,471 [INFO] HTTP Request: POST http://localhost:1234/v1/chat/completions "HTTP/1.1 200 OK"
2026-06-18 18:22:35,975 [INFO] [381/31708] 처리 중...
2026-06-18 18:23:08,296 [INFO] HTTP Request: POST http://localhost:1234/v1/chat/completions "HTTP/1.1 200 OK"
2026-06-18 18:23:08,798 [INFO] [382/31708] 처리 중...
2026-06-18 18:23:59,980 [INFO] HTTP Request: POST http://localhost:1234/v1/chat/completions "HTTP/1.1 200 OK"
2026-06-18 18:24:00,485 [INFO] [383/31708] 처리 중...
2026-06-18 18:24:33,104 [INFO] HTTP Request: POST http://localhost:1234/v1/chat/completions "HTTP/1.1 200 OK"
2026-06-18 18:24:33,607 [INFO] [384/31708] 처리 중...
2026-06-18 18:25:31,867 [INFO] HTTP Request: POST http://localhost:1234/v1/chat/completions "HTTP/1.1 200 OK"
2026-06-18 18:25:32,372 [INFO] [385/31708] 처리 중...
2026-06-18 18:25:50,933 [INFO] HTTP Request: POST http://localhost:1234/v1/chat/completions "HTTP/1.1 200 OK"
2026-06-18 18:25:50,935 [INFO] Error 추출 실패: Expecting value: line 1 column 1 (char 0)
2026-06-18 18:25:51,437 [INFO] [386/31708] 처리 중...
2026-06-18 18:26:58,651 [INFO] HTTP Request: POST http://localhost:1234/v1/chat/completions "HTTP/1.1 200 OK"
2026-06-18 18:26:59,155 [INFO] [387/31708] 처리 중...
2026-06-18 18:30:22,283 [INFO] HTTP Request: POST http://localhost:1234/v1/chat/completions "HTTP/1.1 200 OK"
2026-06-18 18:30:22,287 [INFO] Error 추출 실패: Expecting value: line 1 column 1 (char 0)
2026-06-18 18:30:22,789 [INFO] [388/31708] 처리 중...
2026-06-18 18:33:45,795 [INFO] HTTP Request: POST http://localhost:1234/v1/chat/completions "HTTP/1.1 200 OK"
2026-06-18 18:33:45,796 [INFO] Error 추출 실패: Expecting value: line 1 column 1 (char 0)
2026-06-18 18:33:46,298 [INFO] [389/31708] 처리 중...
2026-06-18 18:37:08,278 [INFO] HTTP Request: POST http://localhost:1234/v1/chat/completions "HTTP/1.1 200 OK"
2026-06-18 18:37:08,281 [INFO] Error 추출 실패: Expecting value: line 1 column 1 (char 0)
2026-06-18 18:37:08,784 [INFO] [390/31708] 처리 중...
2026-06-18 18:37:36,796 [INFO] HTTP Request: POST http://localhost:1234/v1/chat/completions "HTTP/1.1 200 OK"
2026-06-18 18:37:37,299 [INFO] [391/31708] 처리 중...
2026-06-18 18:38:15,427 [INFO] HTTP Request: POST http://localhost:1234/v1/chat/completions "HTTP/1.1 200 OK"
2026-06-18 18:38:15,933 [INFO] [392/31708] 처리 중...
2026-06-18 18:38:46,768 [INFO] HTTP Request: POST http://localhost:1234/v1/chat/completions "HTTP/1.1 200 OK"
2026-06-18 18:38:47,271 [INFO] [393/31708] 처리 중...
2026-06-18 18:39:21,457 [INFO] HTTP Request: POST http://localhost:1234/v1/chat/completions "HTTP/1.1 200 OK"
2026-06-18 18:39:21,963 [INFO] [394/31708] 처리 중...
2026-06-18 18:39:59,338 [INFO] HTTP Request: POST http://localhost:1234/v1/chat/completions "HTTP/1.1 200 OK"
2026-06-18 18:39:59,843 [INFO] [395/31708] 처리 중...
2026-06-18 18:40:39,964 [INFO] HTTP Request: POST http://localhost:1234/v1/chat/completions "HTTP/1.1 200 OK"
2026-06-18 18:40:40,470 [INFO] [396/31708] 처리 중...
2026-06-18 18:41:10,649 [INFO] HTTP Request: POST http://localhost:1234/v1/chat/completions "HTTP/1.1 200 OK"
2026-06-18 18:41:11,155 [INFO] [397/31708] 처리 중...
2026-06-18 18:42:15,501 [INFO] HTTP Request: POST http://localhost:1234/v1/chat/completions "HTTP/1.1 200 OK"
2026-06-18 18:42:16,005 [INFO] [398/31708] 처리 중...
2026-06-18 18:42:49,253 [INFO] HTTP Request: POST http://localhost:1234/v1/chat/completions "HTTP/1.1 200 OK"
2026-06-18 18:42:49,756 [INFO] [399/31708] 처리 중...
2026-06-18 18:46:11,414 [INFO] HTTP Request: POST http://localhost:1234/v1/chat/completions "HTTP/1.1 200 OK"
2026-06-18 18:46:11,418 [INFO] Error 추출 실패: Expecting value: line 1 column 1 (char 0)
2026-06-18 18:46:11,920 [INFO] [400/31708] 처리 중...
2026-06-18 18:46:50,471 [INFO] HTTP Request: POST http://localhost:1234/v1/chat/completions "HTTP/1.1 200 OK"
2026-06-18 18:46:50,488 [INFO] 💾 [400/31708] 데이터 중간 저장 완료!
2026-06-18 18:46:50,990 [INFO] [401/31708] 처리 중...
2026-06-18 18:47:30,433 [INFO] HTTP Request: POST http://localhost:1234/v1/chat/completions "HTTP/1.1 200 OK"
2026-06-18 18:47:30,939 [INFO] [402/31708] 처리 중...
2026-06-18 18:50:53,548 [INFO] HTTP Request: POST http://localhost:1234/v1/chat/completions "HTTP/1.1 200 OK"
2026-06-18 18:50:53,549 [INFO] Error 추출 실패: Expecting value: line 1 column 1 (char 0)
2026-06-18 18:50:54,050 [INFO] [403/31708] 처리 중...
2026-06-18 18:51:21,091 [INFO] HTTP Request: POST http://localhost:1234/v1/chat/completions "HTTP/1.1 200 OK"
2026-06-18 18:51:21,595 [INFO] [404/31708] 처리 중...
2026-06-18 18:51:53,955 [INFO] HTTP Request: POST http://localhost:1234/v1/chat/completions "HTTP/1.1 200 OK"
2026-06-18 18:51:54,460 [INFO] [405/31708] 처리 중...
2026-06-18 18:52:27,237 [INFO] HTTP Request: POST http://localhost:1234/v1/chat/completions "HTTP/1.1 200 OK"
2026-06-18 18:52:27,743 [INFO] [406/31708] 처리 중...
2026-06-18 18:53:22,390 [INFO] HTTP Request: POST http://localhost:1234/v1/chat/completions "HTTP/1.1 200 OK"
2026-06-18 18:53:22,893 [INFO] [407/31708] 처리 중...
2026-06-18 18:53:48,218 [INFO] HTTP Request: POST http://localhost:1234/v1/chat/completions "HTTP/1.1 200 OK"
2026-06-18 18:53:48,722 [INFO] [408/31708] 처리 중...
2026-06-18 18:54:20,028 [INFO] HTTP Request: POST http://localhost:1234/v1/chat/completions "HTTP/1.1 200 OK"
2026-06-18 18:54:20,534 [INFO] [409/31708] 처리 중...
2026-06-18 18:54:50,403 [INFO] HTTP Request: POST http://localhost:1234/v1/chat/completions "HTTP/1.1 200 OK"
2026-06-18 18:54:50,908 [INFO] [410/31708] 처리 중...
2026-06-18 18:55:26,228 [INFO] HTTP Request: POST http://localhost:1234/v1/chat/completions "HTTP/1.1 200 OK"
2026-06-18 18:55:26,733 [INFO] [411/31708] 처리 중...
2026-06-18 18:55:57,958 [INFO] HTTP Request: POST http://localhost:1234/v1/chat/completions "HTTP/1.1 200 OK"
2026-06-18 18:55:58,463 [INFO] [412/31708] 처리 중...
2026-06-18 18:56:41,180 [INFO] HTTP Request: POST http://localhost:1234/v1/chat/completions "HTTP/1.1 200 OK"
2026-06-18 18:56:41,685 [INFO] [413/31708] 처리 중...
2026-06-18 18:58:01,671 [INFO] HTTP Request: POST http://localhost:1234/v1/chat/completions "HTTP/1.1 200 OK"
2026-06-18 18:58:02,176 [INFO] [414/31708] 처리 중...
2026-06-18 18:58:47,681 [INFO] HTTP Request: POST http://localhost:1234/v1/chat/completions "HTTP/1.1 200 OK"
2026-06-18 18:58:48,188 [INFO] [415/31708] 처리 중...
2026-06-18 18:59:34,714 [INFO] HTTP Request: POST http://localhost:1234/v1/chat/completions "HTTP/1.1 200 OK"
2026-06-18 18:59:35,219 [INFO] [416/31708] 처리 중...
2026-06-18 19:00:11,326 [INFO] HTTP Request: POST http://localhost:1234/v1/chat/completions "HTTP/1.1 200 OK"
2026-06-18 19:00:11,829 [INFO] [417/31708] 처리 중...
2026-06-18 19:00:51,046 [INFO] HTTP Request: POST http://localhost:1234/v1/chat/completions "HTTP/1.1 200 OK"
2026-06-18 19:00:51,550 [INFO] [418/31708] 처리 중...
2026-06-18 19:01:24,886 [INFO] HTTP Request: POST http://localhost:1234/v1/chat/completions "HTTP/1.1 200 OK"
2026-06-18 19:01:25,391 [INFO] [419/31708] 처리 중...
2026-06-18 19:01:55,809 [INFO] HTTP Request: POST http://localhost:1234/v1/chat/completions "HTTP/1.1 200 OK"
2026-06-18 19:01:56,314 [INFO] [420/31708] 처리 중...
2026-06-18 19:02:30,837 [INFO] HTTP Request: POST http://localhost:1234/v1/chat/completions "HTTP/1.1 200 OK"
2026-06-18 19:02:31,342 [INFO] [421/31708] 처리 중...
2026-06-18 19:04:03,508 [INFO] HTTP Request: POST http://localhost:1234/v1/chat/completions "HTTP/1.1 200 OK"
2026-06-18 19:04:04,013 [INFO] [422/31708] 처리 중...
2026-06-18 19:04:32,723 [INFO] HTTP Request: POST http://localhost:1234/v1/chat/completions "HTTP/1.1 200 OK"
2026-06-18 19:04:33,230 [INFO] [423/31708] 처리 중...
2026-06-18 19:04:56,339 [INFO] HTTP Request: POST http://localhost:1234/v1/chat/completions "HTTP/1.1 200 OK"
2026-06-18 19:04:56,841 [INFO] [424/31708] 처리 중...
2026-06-18 19:05:31,182 [INFO] HTTP Request: POST http://localhost:1234/v1/chat/completions "HTTP/1.1 200 OK"
2026-06-18 19:05:31,687 [INFO] [425/31708] 처리 중...
2026-06-18 19:08:52,730 [INFO] HTTP Request: POST http://localhost:1234/v1/chat/completions "HTTP/1.1 200 OK"
2026-06-18 19:08:52,734 [INFO] Error 추출 실패: Expecting value: line 1 column 1 (char 0)
2026-06-18 19:08:53,236 [INFO] [426/31708] 처리 중...
2026-06-18 19:12:14,849 [INFO] HTTP Request: POST http://localhost:1234/v1/chat/completions "HTTP/1.1 200 OK"
2026-06-18 19:12:14,854 [INFO] Error 추출 실패: Expecting value: line 1 column 1 (char 0)
2026-06-18 19:12:15,357 [INFO] [427/31708] 처리 중...
2026-06-18 19:12:59,051 [INFO] HTTP Request: POST http://localhost:1234/v1/chat/completions "HTTP/1.1 200 OK"
2026-06-18 19:12:59,558 [INFO] [428/31708] 처리 중...
2026-06-18 19:13:37,976 [INFO] HTTP Request: POST http://localhost:1234/v1/chat/completions "HTTP/1.1 200 OK"
2026-06-18 19:13:38,481 [INFO] [429/31708] 처리 중...
2026-06-18 19:14:23,391 [INFO] HTTP Request: POST http://localhost:1234/v1/chat/completions "HTTP/1.1 200 OK"
2026-06-18 19:14:23,895 [INFO] [430/31708] 처리 중...
2026-06-18 19:14:56,275 [INFO] HTTP Request: POST http://localhost:1234/v1/chat/completions "HTTP/1.1 200 OK"
2026-06-18 19:14:56,778 [INFO] [431/31708] 처리 중...
2026-06-18 19:15:30,915 [INFO] HTTP Request: POST http://localhost:1234/v1/chat/completions "HTTP/1.1 200 OK"
2026-06-18 19:15:31,420 [INFO] [432/31708] 처리 중...
2026-06-18 19:18:53,877 [INFO] HTTP Request: POST http://localhost:1234/v1/chat/completions "HTTP/1.1 200 OK"
2026-06-18 19:18:53,883 [INFO] Error 추출 실패: Expecting value: line 1 column 1 (char 0)
2026-06-18 19:18:54,387 [INFO] [433/31708] 처리 중...
2026-06-18 19:19:25,509 [INFO] HTTP Request: POST http://localhost:1234/v1/chat/completions "HTTP/1.1 200 OK"
2026-06-18 19:19:26,021 [INFO] [434/31708] 처리 중...
2026-06-18 19:19:49,468 [INFO] HTTP Request: POST http://localhost:1234/v1/chat/completions "HTTP/1.1 200 OK"
2026-06-18 19:19:49,974 [INFO] [435/31708] 처리 중...
2026-06-18 19:20:16,850 [INFO] HTTP Request: POST http://localhost:1234/v1/chat/completions "HTTP/1.1 200 OK"
2026-06-18 19:20:17,356 [INFO] [436/31708] 처리 중...
2026-06-18 19:20:47,049 [INFO] HTTP Request: POST http://localhost:1234/v1/chat/completions "HTTP/1.1 200 OK"
2026-06-18 19:20:47,553 [INFO] [437/31708] 처리 중...
2026-06-18 19:21:28,125 [INFO] HTTP Request: POST http://localhost:1234/v1/chat/completions "HTTP/1.1 200 OK"
2026-06-18 19:21:28,631 [INFO] [438/31708] 처리 중...
2026-06-18 19:22:25,401 [INFO] HTTP Request: POST http://localhost:1234/v1/chat/completions "HTTP/1.1 200 OK"
2026-06-18 19:22:25,905 [INFO] [439/31708] 처리 중...
2026-06-18 19:22:49,655 [INFO] HTTP Request: POST http://localhost:1234/v1/chat/completions "HTTP/1.1 200 OK"
2026-06-18 19:22:50,161 [INFO] [440/31708] 처리 중...
2026-06-18 19:23:13,943 [INFO] HTTP Request: POST http://localhost:1234/v1/chat/completions "HTTP/1.1 200 OK"
2026-06-18 19:23:14,445 [INFO] [441/31708] 처리 중...
2026-06-18 19:26:36,410 [INFO] HTTP Request: POST http://localhost:1234/v1/chat/completions "HTTP/1.1 200 OK"
2026-06-18 19:26:36,413 [INFO] Error 추출 실패: Expecting value: line 1 column 1 (char 0)
2026-06-18 19:26:36,916 [INFO] [442/31708] 처리 중...
2026-06-18 19:29:58,128 [INFO] HTTP Request: POST http://localhost:1234/v1/chat/completions "HTTP/1.1 200 OK"
2026-06-18 19:29:58,132 [INFO] Error 추출 실패: Expecting value: line 1 column 1 (char 0)
2026-06-18 19:29:58,634 [INFO] [443/31708] 처리 중...
2026-06-18 19:30:49,185 [INFO] HTTP Request: POST http://localhost:1234/v1/chat/completions "HTTP/1.1 200 OK"
2026-06-18 19:30:49,689 [INFO] [444/31708] 처리 중...
2026-06-18 19:31:22,851 [INFO] HTTP Request: POST http://localhost:1234/v1/chat/completions "HTTP/1.1 200 OK"
2026-06-18 19:31:23,354 [INFO] [445/31708] 처리 중...
2026-06-18 19:31:55,099 [INFO] HTTP Request: POST http://localhost:1234/v1/chat/completions "HTTP/1.1 200 OK"
2026-06-18 19:31:55,604 [INFO] [446/31708] 처리 중...
2026-06-18 19:32:24,979 [INFO] HTTP Request: POST http://localhost:1234/v1/chat/completions "HTTP/1.1 200 OK"
2026-06-18 19:32:25,482 [INFO] [447/31708] 처리 중...
2026-06-18 19:33:05,219 [INFO] HTTP Request: POST http://localhost:1234/v1/chat/completions "HTTP/1.1 200 OK"
2026-06-18 19:33:05,722 [INFO] [448/31708] 처리 중...
2026-06-18 19:33:50,396 [INFO] HTTP Request: POST http://localhost:1234/v1/chat/completions "HTTP/1.1 200 OK"
2026-06-18 19:33:50,902 [INFO] [449/31708] 처리 중...
2026-06-18 19:34:33,917 [INFO] HTTP Request: POST http://localhost:1234/v1/chat/completions "HTTP/1.1 200 OK"
2026-06-18 19:34:34,423 [INFO] [450/31708] 처리 중...
2026-06-18 19:35:09,914 [INFO] HTTP Request: POST http://localhost:1234/v1/chat/completions "HTTP/1.1 200 OK"
2026-06-18 19:35:09,928 [INFO] 💾 [450/31708] 데이터 중간 저장 완료!
2026-06-18 19:35:10,430 [INFO] [451/31708] 처리 중...
2026-06-18 19:35:51,961 [INFO] HTTP Request: POST http://localhost:1234/v1/chat/completions "HTTP/1.1 200 OK"
2026-06-18 19:35:52,469 [INFO] [452/31708] 처리 중...
2026-06-18 19:39:14,129 [INFO] HTTP Request: POST http://localhost:1234/v1/chat/completions "HTTP/1.1 200 OK"
2026-06-18 19:39:14,131 [INFO] Error 추출 실패: Expecting value: line 1 column 1 (char 0)
2026-06-18 19:39:14,633 [INFO] [453/31708] 처리 중...
2026-06-18 19:42:36,572 [INFO] HTTP Request: POST http://localhost:1234/v1/chat/completions "HTTP/1.1 200 OK"
2026-06-18 19:42:36,576 [INFO] Error 추출 실패: Expecting value: line 1 column 1 (char 0)
2026-06-18 19:42:37,079 [INFO] [454/31708] 처리 중...
2026-06-18 19:43:09,754 [INFO] HTTP Request: POST http://localhost:1234/v1/chat/completions "HTTP/1.1 200 OK"
2026-06-18 19:43:10,259 [INFO] [455/31708] 처리 중...
2026-06-18 19:43:51,442 [INFO] HTTP Request: POST http://localhost:1234/v1/chat/completions "HTTP/1.1 200 OK"
2026-06-18 19:43:51,948 [INFO] [456/31708] 처리 중...
2026-06-18 19:44:32,745 [INFO] HTTP Request: POST http://localhost:1234/v1/chat/completions "HTTP/1.1 200 OK"
2026-06-18 19:44:33,249 [INFO] [457/31708] 처리 중...
2026-06-18 19:45:21,168 [INFO] HTTP Request: POST http://localhost:1234/v1/chat/completions "HTTP/1.1 200 OK"
2026-06-18 19:45:21,673 [INFO] [458/31708] 처리 중...
2026-06-18 19:45:54,829 [INFO] HTTP Request: POST http://localhost:1234/v1/chat/completions "HTTP/1.1 200 OK"
2026-06-18 19:45:55,333 [INFO] [459/31708] 처리 중...
2026-06-18 19:46:29,828 [INFO] HTTP Request: POST http://localhost:1234/v1/chat/completions "HTTP/1.1 200 OK"
2026-06-18 19:46:30,334 [INFO] [460/31708] 처리 중...
2026-06-18 19:46:57,577 [INFO] HTTP Request: POST http://localhost:1234/v1/chat/completions "HTTP/1.1 200 OK"
2026-06-18 19:46:58,084 [INFO] [461/31708] 처리 중...
2026-06-18 19:47:26,798 [INFO] HTTP Request: POST http://localhost:1234/v1/chat/completions "HTTP/1.1 200 OK"
2026-06-18 19:47:27,303 [INFO] [462/31708] 처리 중...
2026-06-18 19:48:01,647 [INFO] HTTP Request: POST http://localhost:1234/v1/chat/completions "HTTP/1.1 200 OK"
2026-06-18 19:48:02,153 [INFO] [463/31708] 처리 중...
2026-06-18 19:48:43,503 [INFO] HTTP Request: POST http://localhost:1234/v1/chat/completions "HTTP/1.1 200 OK"
2026-06-18 19:48:44,005 [INFO] [464/31708] 처리 중...
2026-06-18 19:49:14,904 [INFO] HTTP Request: POST http://localhost:1234/v1/chat/completions "HTTP/1.1 200 OK"
2026-06-18 19:49:15,410 [INFO] [465/31708] 처리 중...
2026-06-18 19:49:50,883 [INFO] HTTP Request: POST http://localhost:1234/v1/chat/completions "HTTP/1.1 200 OK"
2026-06-18 19:49:51,388 [INFO] [466/31708] 처리 중...
2026-06-18 19:50:38,743 [INFO] HTTP Request: POST http://localhost:1234/v1/chat/completions "HTTP/1.1 200 OK"
2026-06-18 19:50:39,249 [INFO] [467/31708] 처리 중...
2026-06-18 19:51:33,211 [INFO] HTTP Request: POST http://localhost:1234/v1/chat/completions "HTTP/1.1 200 OK"
2026-06-18 19:51:33,716 [INFO] [468/31708] 처리 중...
2026-06-18 19:52:06,420 [INFO] HTTP Request: POST http://localhost:1234/v1/chat/completions "HTTP/1.1 200 OK"
2026-06-18 19:52:06,925 [INFO] [469/31708] 처리 중...
2026-06-18 19:55:29,420 [INFO] HTTP Request: POST http://localhost:1234/v1/chat/completions "HTTP/1.1 200 OK"
2026-06-18 19:55:29,424 [INFO] Error 추출 실패: Expecting value: line 1 column 1 (char 0)
2026-06-18 19:55:29,926 [INFO] [470/31708] 처리 중...
2026-06-18 19:55:57,692 [INFO] HTTP Request: POST http://localhost:1234/v1/chat/completions "HTTP/1.1 200 OK"
2026-06-18 19:55:58,194 [INFO] [471/31708] 처리 중...
2026-06-18 19:56:33,154 [INFO] HTTP Request: POST http://localhost:1234/v1/chat/completions "HTTP/1.1 200 OK"
2026-06-18 19:56:33,656 [INFO] [472/31708] 처리 중...
2026-06-18 19:57:04,349 [INFO] HTTP Request: POST http://localhost:1234/v1/chat/completions "HTTP/1.1 200 OK"
2026-06-18 19:57:04,852 [INFO] [473/31708] 처리 중...
2026-06-18 20:00:27,644 [INFO] HTTP Request: POST http://localhost:1234/v1/chat/completions "HTTP/1.1 200 OK"
2026-06-18 20:00:27,647 [INFO] Error 추출 실패: Expecting value: line 1 column 1 (char 0)
2026-06-18 20:00:28,149 [INFO] [474/31708] 처리 중...
2026-06-18 20:01:09,980 [INFO] HTTP Request: POST http://localhost:1234/v1/chat/completions "HTTP/1.1 200 OK"
2026-06-18 20:01:10,485 [INFO] [475/31708] 처리 중...
2026-06-18 20:04:31,875 [INFO] HTTP Request: POST http://localhost:1234/v1/chat/completions "HTTP/1.1 200 OK"
2026-06-18 20:04:31,877 [INFO] Error 추출 실패: Expecting value: line 1 column 1 (char 0)
2026-06-18 20:04:32,380 [INFO] [476/31708] 처리 중...
2026-06-18 20:07:53,181 [INFO] HTTP Request: POST http://localhost:1234/v1/chat/completions "HTTP/1.1 200 OK"
2026-06-18 20:07:53,183 [INFO] Error 추출 실패: Expecting value: line 1 column 1 (char 0)
2026-06-18 20:07:53,686 [INFO] [477/31708] 처리 중...
2026-06-18 20:08:22,024 [INFO] HTTP Request: POST http://localhost:1234/v1/chat/completions "HTTP/1.1 200 OK"
2026-06-18 20:08:22,528 [INFO] [478/31708] 처리 중...
2026-06-18 20:11:43,534 [INFO] HTTP Request: POST http://localhost:1234/v1/chat/completions "HTTP/1.1 200 OK"
2026-06-18 20:11:43,535 [INFO] Error 추출 실패: Expecting value: line 1 column 1 (char 0)
2026-06-18 20:11:44,037 [INFO] [479/31708] 처리 중...
2026-06-18 20:12:17,072 [INFO] HTTP Request: POST http://localhost:1234/v1/chat/completions "HTTP/1.1 200 OK"
2026-06-18 20:12:17,577 [INFO] [480/31708] 처리 중...
2026-06-18 20:12:44,624 [INFO] HTTP Request: POST http://localhost:1234/v1/chat/completions "HTTP/1.1 200 OK"
2026-06-18 20:12:45,129 [INFO] [481/31708] 처리 중...
2026-06-18 20:13:46,526 [INFO] HTTP Request: POST http://localhost:1234/v1/chat/completions "HTTP/1.1 200 OK"
2026-06-18 20:13:47,031 [INFO] [482/31708] 처리 중...
2026-06-18 20:14:22,388 [INFO] HTTP Request: POST http://localhost:1234/v1/chat/completions "HTTP/1.1 200 OK"
2026-06-18 20:14:22,893 [INFO] [483/31708] 처리 중...
2026-06-18 20:17:43,532 [INFO] HTTP Request: POST http://localhost:1234/v1/chat/completions "HTTP/1.1 200 OK"
2026-06-18 20:17:43,537 [INFO] Error 추출 실패: Expecting value: line 1 column 1 (char 0)
2026-06-18 20:17:44,040 [INFO] [484/31708] 처리 중...
2026-06-18 20:18:27,361 [INFO] HTTP Request: POST http://localhost:1234/v1/chat/completions "HTTP/1.1 200 OK"
2026-06-18 20:18:27,866 [INFO] [485/31708] 처리 중...
2026-06-18 20:19:13,529 [INFO] HTTP Request: POST http://localhost:1234/v1/chat/completions "HTTP/1.1 200 OK"
2026-06-18 20:19:14,035 [INFO] [486/31708] 처리 중...
2026-06-18 20:19:46,536 [INFO] HTTP Request: POST http://localhost:1234/v1/chat/completions "HTTP/1.1 200 OK"
2026-06-18 20:19:47,037 [INFO] [487/31708] 처리 중...
2026-06-18 20:20:29,797 [INFO] HTTP Request: POST http://localhost:1234/v1/chat/completions "HTTP/1.1 200 OK"
2026-06-18 20:20:30,299 [INFO] [488/31708] 처리 중...
2026-06-18 20:21:34,769 [INFO] HTTP Request: POST http://localhost:1234/v1/chat/completions "HTTP/1.1 200 OK"
2026-06-18 20:21:35,273 [INFO] [489/31708] 처리 중...
2026-06-18 20:22:24,112 [INFO] HTTP Request: POST http://localhost:1234/v1/chat/completions "HTTP/1.1 200 OK"
2026-06-18 20:22:24,613 [INFO] [490/31708] 처리 중...
2026-06-18 20:23:02,080 [INFO] HTTP Request: POST http://localhost:1234/v1/chat/completions "HTTP/1.1 200 OK"
2026-06-18 20:23:02,583 [INFO] [491/31708] 처리 중...
2026-06-18 20:23:33,870 [INFO] HTTP Request: POST http://localhost:1234/v1/chat/completions "HTTP/1.1 200 OK"
2026-06-18 20:23:34,372 [INFO] [492/31708] 처리 중...
2026-06-18 20:23:59,742 [INFO] HTTP Request: POST http://localhost:1234/v1/chat/completions "HTTP/1.1 200 OK"
2026-06-18 20:24:00,245 [INFO] [493/31708] 처리 중...
2026-06-18 20:24:29,927 [INFO] HTTP Request: POST http://localhost:1234/v1/chat/completions "HTTP/1.1 200 OK"
2026-06-18 20:24:30,431 [INFO] [494/31708] 처리 중...
2026-06-18 20:27:53,342 [INFO] HTTP Request: POST http://localhost:1234/v1/chat/completions "HTTP/1.1 200 OK"
2026-06-18 20:27:53,345 [INFO] Error 추출 실패: Expecting value: line 1 column 1 (char 0)
2026-06-18 20:27:53,847 [INFO] [495/31708] 처리 중...
2026-06-18 20:31:16,930 [INFO] HTTP Request: POST http://localhost:1234/v1/chat/completions "HTTP/1.1 200 OK"
2026-06-18 20:31:16,932 [INFO] Error 추출 실패: Expecting value: line 1 column 1 (char 0)
2026-06-18 20:31:17,433 [INFO] [496/31708] 처리 중...
2026-06-18 20:32:08,677 [INFO] HTTP Request: POST http://localhost:1234/v1/chat/completions "HTTP/1.1 200 OK"
2026-06-18 20:32:09,180 [INFO] [497/31708] 처리 중...
2026-06-18 20:32:45,963 [INFO] HTTP Request: POST http://localhost:1234/v1/chat/completions "HTTP/1.1 200 OK"
2026-06-18 20:32:46,466 [INFO] [498/31708] 처리 중...
2026-06-18 20:33:17,246 [INFO] HTTP Request: POST http://localhost:1234/v1/chat/completions "HTTP/1.1 200 OK"
2026-06-18 20:33:17,747 [INFO] [499/31708] 처리 중...
2026-06-18 20:34:12,375 [INFO] HTTP Request: POST http://localhost:1234/v1/chat/completions "HTTP/1.1 200 OK"
2026-06-18 20:34:12,877 [INFO] [500/31708] 처리 중...
2026-06-18 20:34:43,708 [INFO] HTTP Request: POST http://localhost:1234/v1/chat/completions "HTTP/1.1 200 OK"
2026-06-18 20:34:43,724 [INFO] 💾 [500/31708] 데이터 중간 저장 완료!
2026-06-18 20:34:44,226 [INFO] [501/31708] 처리 중...
2026-06-18 20:35:10,044 [INFO] HTTP Request: POST http://localhost:1234/v1/chat/completions "HTTP/1.1 200 OK"
2026-06-18 20:35:10,548 [INFO] [502/31708] 처리 중...
2026-06-18 20:38:33,985 [INFO] HTTP Request: POST http://localhost:1234/v1/chat/completions "HTTP/1.1 200 OK"
2026-06-18 20:38:33,986 [INFO] Error 추출 실패: Expecting value: line 1 column 1 (char 0)
2026-06-18 20:38:34,487 [INFO] [503/31708] 처리 중...
2026-06-18 20:39:00,032 [INFO] HTTP Request: POST http://localhost:1234/v1/chat/completions "HTTP/1.1 200 OK"
2026-06-18 20:39:00,533 [INFO] [504/31708] 처리 중...
2026-06-18 20:39:31,263 [INFO] HTTP Request: POST http://localhost:1234/v1/chat/completions "HTTP/1.1 200 OK"
2026-06-18 20:39:31,766 [INFO] [505/31708] 처리 중...
2026-06-18 20:40:10,444 [INFO] HTTP Request: POST http://localhost:1234/v1/chat/completions "HTTP/1.1 200 OK"
2026-06-18 20:40:10,947 [INFO] [506/31708] 처리 중...
2026-06-18 20:40:37,901 [INFO] HTTP Request: POST http://localhost:1234/v1/chat/completions "HTTP/1.1 200 OK"
2026-06-18 20:40:38,405 [INFO] [507/31708] 처리 중...
2026-06-18 20:41:23,333 [INFO] HTTP Request: POST http://localhost:1234/v1/chat/completions "HTTP/1.1 200 OK"
2026-06-18 20:41:23,839 [INFO] [508/31708] 처리 중...
2026-06-18 20:41:54,263 [INFO] HTTP Request: POST http://localhost:1234/v1/chat/completions "HTTP/1.1 200 OK"
2026-06-18 20:41:54,765 [INFO] [509/31708] 처리 중...
2026-06-18 20:42:28,334 [INFO] HTTP Request: POST http://localhost:1234/v1/chat/completions "HTTP/1.1 200 OK"
2026-06-18 20:42:28,838 [INFO] [510/31708] 처리 중...
2026-06-18 20:43:23,349 [INFO] HTTP Request: POST http://localhost:1234/v1/chat/completions "HTTP/1.1 200 OK"
2026-06-18 20:43:23,851 [INFO] [511/31708] 처리 중...
2026-06-18 20:43:52,053 [INFO] HTTP Request: POST http://localhost:1234/v1/chat/completions "HTTP/1.1 200 OK"
2026-06-18 20:43:52,555 [INFO] [512/31708] 처리 중...
2026-06-18 20:44:33,713 [INFO] HTTP Request: POST http://localhost:1234/v1/chat/completions "HTTP/1.1 200 OK"
2026-06-18 20:44:34,215 [INFO] [513/31708] 처리 중...
2026-06-18 20:45:16,068 [INFO] HTTP Request: POST http://localhost:1234/v1/chat/completions "HTTP/1.1 200 OK"
2026-06-18 20:45:16,570 [INFO] [514/31708] 처리 중...
2026-06-18 20:45:58,314 [INFO] HTTP Request: POST http://localhost:1234/v1/chat/completions "HTTP/1.1 200 OK"
2026-06-18 20:45:58,817 [INFO] [515/31708] 처리 중...
2026-06-18 20:46:33,319 [INFO] HTTP Request: POST http://localhost:1234/v1/chat/completions "HTTP/1.1 200 OK"
2026-06-18 20:46:33,821 [INFO] [516/31708] 처리 중...
2026-06-18 20:47:12,099 [INFO] HTTP Request: POST http://localhost:1234/v1/chat/completions "HTTP/1.1 200 OK"
2026-06-18 20:47:12,602 [INFO] [517/31708] 처리 중...
2026-06-18 20:47:43,276 [INFO] HTTP Request: POST http://localhost:1234/v1/chat/completions "HTTP/1.1 200 OK"
2026-06-18 20:47:43,778 [INFO] [518/31708] 처리 중...
2026-06-18 20:48:24,462 [INFO] HTTP Request: POST http://localhost:1234/v1/chat/completions "HTTP/1.1 200 OK"
2026-06-18 20:48:24,965 [INFO] [519/31708] 처리 중...
2026-06-18 20:48:59,490 [INFO] HTTP Request: POST http://localhost:1234/v1/chat/completions "HTTP/1.1 200 OK"
2026-06-18 20:48:59,991 [INFO] [520/31708] 처리 중...
2026-06-18 20:50:00,974 [INFO] HTTP Request: POST http://localhost:1234/v1/chat/completions "HTTP/1.1 200 OK"
2026-06-18 20:50:01,475 [INFO] [521/31708] 처리 중...
2026-06-18 20:50:44,418 [INFO] HTTP Request: POST http://localhost:1234/v1/chat/completions "HTTP/1.1 200 OK"
2026-06-18 20:50:44,922 [INFO] [522/31708] 처리 중...
2026-06-18 20:54:20,164 [INFO] HTTP Request: POST http://localhost:1234/v1/chat/completions "HTTP/1.1 200 OK"
2026-06-18 20:54:20,167 [INFO] Error 추출 실패: Expecting value: line 1 column 1 (char 0)
2026-06-18 20:54:20,669 [INFO] [523/31708] 처리 중...
2026-06-18 20:54:55,941 [INFO] HTTP Request: POST http://localhost:1234/v1/chat/completions "HTTP/1.1 200 OK"
2026-06-18 20:54:56,446 [INFO] [524/31708] 처리 중...
2026-06-18 20:55:46,434 [INFO] HTTP Request: POST http://localhost:1234/v1/chat/completions "HTTP/1.1 200 OK"
2026-06-18 20:55:46,938 [INFO] [525/31708] 처리 중...
2026-06-18 20:55:57,425 [INFO] HTTP Request: POST http://localhost:1234/v1/chat/completions "HTTP/1.1 200 OK"
2026-06-18 20:55:57,927 [INFO] [526/31708] 처리 중...
2026-06-18 20:56:38,151 [INFO] HTTP Request: POST http://localhost:1234/v1/chat/completions "HTTP/1.1 200 OK"
2026-06-18 20:56:38,653 [INFO] [527/31708] 처리 중...
2026-06-18 20:57:15,953 [INFO] HTTP Request: POST http://localhost:1234/v1/chat/completions "HTTP/1.1 200 OK"
2026-06-18 20:57:16,455 [INFO] [528/31708] 처리 중...
2026-06-18 20:58:06,286 [INFO] HTTP Request: POST http://localhost:1234/v1/chat/completions "HTTP/1.1 200 OK"
2026-06-18 20:58:06,787 [INFO] [529/31708] 처리 중...
2026-06-18 20:58:53,216 [INFO] HTTP Request: POST http://localhost:1234/v1/chat/completions "HTTP/1.1 200 OK"
2026-06-18 20:58:53,717 [INFO] [530/31708] 처리 중...
2026-06-18 20:59:25,372 [INFO] HTTP Request: POST http://localhost:1234/v1/chat/completions "HTTP/1.1 200 OK"
2026-06-18 20:59:25,875 [INFO] [531/31708] 처리 중...
2026-06-18 20:59:55,645 [INFO] HTTP Request: POST http://localhost:1234/v1/chat/completions "HTTP/1.1 200 OK"
2026-06-18 20:59:56,147 [INFO] [532/31708] 처리 중...
2026-06-18 21:00:36,596 [INFO] HTTP Request: POST http://localhost:1234/v1/chat/completions "HTTP/1.1 200 OK"
2026-06-18 21:00:37,098 [INFO] [533/31708] 처리 중...
2026-06-18 21:01:03,487 [INFO] HTTP Request: POST http://localhost:1234/v1/chat/completions "HTTP/1.1 200 OK"
2026-06-18 21:01:03,988 [INFO] [534/31708] 처리 중...
2026-06-18 21:01:32,413 [INFO] HTTP Request: POST http://localhost:1234/v1/chat/completions "HTTP/1.1 200 OK"
2026-06-18 21:01:32,915 [INFO] [535/31708] 처리 중...
2026-06-18 21:02:06,811 [INFO] HTTP Request: POST http://localhost:1234/v1/chat/completions "HTTP/1.1 200 OK"
2026-06-18 21:02:07,313 [INFO] [536/31708] 처리 중...
2026-06-18 21:02:34,913 [INFO] HTTP Request: POST http://localhost:1234/v1/chat/completions "HTTP/1.1 200 OK"
2026-06-18 21:02:35,415 [INFO] [537/31708] 처리 중...
2026-06-18 21:03:23,992 [INFO] HTTP Request: POST http://localhost:1234/v1/chat/completions "HTTP/1.1 200 OK"
2026-06-18 21:03:24,494 [INFO] [538/31708] 처리 중...
2026-06-18 21:03:50,493 [INFO] HTTP Request: POST http://localhost:1234/v1/chat/completions "HTTP/1.1 200 OK"
2026-06-18 21:03:50,996 [INFO] [539/31708] 처리 중...
2026-06-18 21:04:20,574 [INFO] HTTP Request: POST http://localhost:1234/v1/chat/completions "HTTP/1.1 200 OK"
2026-06-18 21:04:21,076 [INFO] [540/31708] 처리 중...
2026-06-18 21:05:15,771 [INFO] HTTP Request: POST http://localhost:1234/v1/chat/completions "HTTP/1.1 200 OK"
2026-06-18 21:05:16,274 [INFO] [541/31708] 처리 중...
2026-06-18 21:05:51,072 [INFO] HTTP Request: POST http://localhost:1234/v1/chat/completions "HTTP/1.1 200 OK"
2026-06-18 21:05:51,574 [INFO] [542/31708] 처리 중...
2026-06-18 21:06:24,199 [INFO] HTTP Request: POST http://localhost:1234/v1/chat/completions "HTTP/1.1 200 OK"
2026-06-18 21:06:24,701 [INFO] [543/31708] 처리 중...
2026-06-18 21:07:12,900 [INFO] HTTP Request: POST http://localhost:1234/v1/chat/completions "HTTP/1.1 200 OK"
2026-06-18 21:07:13,403 [INFO] [544/31708] 처리 중...
2026-06-18 21:07:36,167 [INFO] HTTP Request: POST http://localhost:1234/v1/chat/completions "HTTP/1.1 200 OK"
2026-06-18 21:07:36,669 [INFO] [545/31708] 처리 중...
2026-06-18 21:08:07,143 [INFO] HTTP Request: POST http://localhost:1234/v1/chat/completions "HTTP/1.1 200 OK"
2026-06-18 21:08:07,644 [INFO] [546/31708] 처리 중...
2026-06-18 21:08:44,394 [INFO] HTTP Request: POST http://localhost:1234/v1/chat/completions "HTTP/1.1 200 OK"
2026-06-18 21:08:44,895 [INFO] [547/31708] 처리 중...
2026-06-18 21:09:23,851 [INFO] HTTP Request: POST http://localhost:1234/v1/chat/completions "HTTP/1.1 200 OK"
2026-06-18 21:09:24,353 [INFO] [548/31708] 처리 중...
2026-06-18 21:10:02,461 [INFO] HTTP Request: POST http://localhost:1234/v1/chat/completions "HTTP/1.1 200 OK"
2026-06-18 21:10:02,962 [INFO] [549/31708] 처리 중...
2026-06-18 21:13:28,603 [INFO] HTTP Request: POST http://localhost:1234/v1/chat/completions "HTTP/1.1 200 OK"
2026-06-18 21:13:28,605 [INFO] Error 추출 실패: Expecting value: line 1 column 1 (char 0)
2026-06-18 21:13:29,108 [INFO] [550/31708] 처리 중...
2026-06-18 21:14:04,018 [INFO] HTTP Request: POST http://localhost:1234/v1/chat/completions "HTTP/1.1 200 OK"
2026-06-18 21:14:04,037 [INFO] 💾 [550/31708] 데이터 중간 저장 완료!
2026-06-18 21:14:04,539 [INFO] [551/31708] 처리 중...
2026-06-18 21:14:53,192 [INFO] HTTP Request: POST http://localhost:1234/v1/chat/completions "HTTP/1.1 200 OK"
2026-06-18 21:14:53,694 [INFO] [552/31708] 처리 중...
2026-06-18 21:15:38,748 [INFO] HTTP Request: POST http://localhost:1234/v1/chat/completions "HTTP/1.1 200 OK"
2026-06-18 21:15:39,249 [INFO] [553/31708] 처리 중...
2026-06-18 21:19:05,600 [INFO] HTTP Request: POST http://localhost:1234/v1/chat/completions "HTTP/1.1 200 OK"
2026-06-18 21:19:05,602 [INFO] Error 추출 실패: Expecting value: line 1 column 1 (char 0)
2026-06-18 21:19:06,102 [INFO] [554/31708] 처리 중...
2026-06-18 21:19:42,699 [INFO] HTTP Request: POST http://localhost:1234/v1/chat/completions "HTTP/1.1 200 OK"
2026-06-18 21:19:43,200 [INFO] [555/31708] 처리 중...
2026-06-18 21:20:21,844 [INFO] HTTP Request: POST http://localhost:1234/v1/chat/completions "HTTP/1.1 200 OK"
2026-06-18 21:20:22,346 [INFO] [556/31708] 처리 중...
2026-06-18 21:20:57,967 [INFO] HTTP Request: POST http://localhost:1234/v1/chat/completions "HTTP/1.1 200 OK"
2026-06-18 21:20:58,470 [INFO] [557/31708] 처리 중...
2026-06-18 21:21:36,706 [INFO] HTTP Request: POST http://localhost:1234/v1/chat/completions "HTTP/1.1 200 OK"
2026-06-18 21:21:37,209 [INFO] [558/31708] 처리 중...
2026-06-18 21:25:04,103 [INFO] HTTP Request: POST http://localhost:1234/v1/chat/completions "HTTP/1.1 200 OK"
2026-06-18 21:25:04,104 [INFO] Error 추출 실패: Expecting value: line 1 column 1 (char 0)
2026-06-18 21:25:04,604 [INFO] [559/31708] 처리 중...
2026-06-18 21:28:31,261 [INFO] HTTP Request: POST http://localhost:1234/v1/chat/completions "HTTP/1.1 200 OK"
2026-06-18 21:28:31,262 [INFO] Error 추출 실패: Expecting value: line 1 column 1 (char 0)
2026-06-18 21:28:31,763 [INFO] [560/31708] 처리 중...
2026-06-18 21:28:58,160 [INFO] HTTP Request: POST http://localhost:1234/v1/chat/completions "HTTP/1.1 200 OK"
2026-06-18 21:28:58,662 [INFO] [561/31708] 처리 중...
2026-06-18 21:29:33,692 [INFO] HTTP Request: POST http://localhost:1234/v1/chat/completions "HTTP/1.1 200 OK"
2026-06-18 21:29:34,196 [INFO] [562/31708] 처리 중...
2026-06-18 21:30:14,350 [INFO] HTTP Request: POST http://localhost:1234/v1/chat/completions "HTTP/1.1 200 OK"
2026-06-18 21:30:14,851 [INFO] [563/31708] 처리 중...
2026-06-18 21:31:02,798 [INFO] HTTP Request: POST http://localhost:1234/v1/chat/completions "HTTP/1.1 200 OK"
2026-06-18 21:31:03,299 [INFO] [564/31708] 처리 중...
2026-06-18 21:31:29,608 [INFO] HTTP Request: POST http://localhost:1234/v1/chat/completions "HTTP/1.1 200 OK"
2026-06-18 21:31:30,109 [INFO] [565/31708] 처리 중...
2026-06-18 21:32:07,164 [INFO] HTTP Request: POST http://localhost:1234/v1/chat/completions "HTTP/1.1 200 OK"
2026-06-18 21:32:07,666 [INFO] [566/31708] 처리 중...
2026-06-18 21:33:01,813 [INFO] HTTP Request: POST http://localhost:1234/v1/chat/completions "HTTP/1.1 200 OK"
2026-06-18 21:33:02,316 [INFO] [567/31708] 처리 중...
2026-06-18 21:33:32,049 [INFO] HTTP Request: POST http://localhost:1234/v1/chat/completions "HTTP/1.1 200 OK"
2026-06-18 21:33:32,550 [INFO] [568/31708] 처리 중...
2026-06-18 21:34:03,611 [INFO] HTTP Request: POST http://localhost:1234/v1/chat/completions "HTTP/1.1 200 OK"
2026-06-18 21:34:04,113 [INFO] [569/31708] 처리 중...
2026-06-18 21:34:39,074 [INFO] HTTP Request: POST http://localhost:1234/v1/chat/completions "HTTP/1.1 200 OK"
2026-06-18 21:34:39,576 [INFO] [570/31708] 처리 중...
2026-06-18 21:35:33,279 [INFO] HTTP Request: POST http://localhost:1234/v1/chat/completions "HTTP/1.1 200 OK"
2026-06-18 21:35:33,783 [INFO] [571/31708] 처리 중...
2026-06-18 21:36:45,572 [INFO] HTTP Request: POST http://localhost:1234/v1/chat/completions "HTTP/1.1 200 OK"
2026-06-18 21:36:46,074 [INFO] [572/31708] 처리 중...
2026-06-18 21:37:20,669 [INFO] HTTP Request: POST http://localhost:1234/v1/chat/completions "HTTP/1.1 200 OK"
2026-06-18 21:37:21,171 [INFO] [573/31708] 처리 중...
2026-06-18 21:37:55,801 [INFO] HTTP Request: POST http://localhost:1234/v1/chat/completions "HTTP/1.1 200 OK"
2026-06-18 21:37:56,303 [INFO] [574/31708] 처리 중...
2026-06-18 21:38:14,939 [INFO] HTTP Request: POST http://localhost:1234/v1/chat/completions "HTTP/1.1 200 OK"
2026-06-18 21:38:15,441 [INFO] [575/31708] 처리 중...
2026-06-18 21:38:53,832 [INFO] HTTP Request: POST http://localhost:1234/v1/chat/completions "HTTP/1.1 200 OK"
2026-06-18 21:38:54,333 [INFO] [576/31708] 처리 중...
2026-06-18 21:39:21,932 [INFO] HTTP Request: POST http://localhost:1234/v1/chat/completions "HTTP/1.1 200 OK"
2026-06-18 21:39:22,434 [INFO] [577/31708] 처리 중...
2026-06-18 21:39:51,563 [INFO] HTTP Request: POST http://localhost:1234/v1/chat/completions "HTTP/1.1 200 OK"
2026-06-18 21:39:52,067 [INFO] [578/31708] 처리 중...
2026-06-18 21:40:26,196 [INFO] HTTP Request: POST http://localhost:1234/v1/chat/completions "HTTP/1.1 200 OK"
2026-06-18 21:40:26,699 [INFO] [579/31708] 처리 중...
2026-06-18 21:41:25,905 [INFO] HTTP Request: POST http://localhost:1234/v1/chat/completions "HTTP/1.1 200 OK"
2026-06-18 21:41:26,410 [INFO] [580/31708] 처리 중...
2026-06-18 21:41:59,773 [INFO] HTTP Request: POST http://localhost:1234/v1/chat/completions "HTTP/1.1 200 OK"
2026-06-18 21:42:00,278 [INFO] [581/31708] 처리 중...
2026-06-18 21:45:20,805 [INFO] HTTP Request: POST http://localhost:1234/v1/chat/completions "HTTP/1.1 200 OK"
2026-06-18 21:45:20,807 [INFO] Error 추출 실패: Expecting value: line 1 column 1 (char 0)
2026-06-18 21:45:21,309 [INFO] [582/31708] 처리 중...
2026-06-18 21:46:07,678 [INFO] HTTP Request: POST http://localhost:1234/v1/chat/completions "HTTP/1.1 200 OK"
2026-06-18 21:46:08,182 [INFO] [583/31708] 처리 중...
2026-06-18 21:46:57,550 [INFO] HTTP Request: POST http://localhost:1234/v1/chat/completions "HTTP/1.1 200 OK"
2026-06-18 21:46:58,056 [INFO] [584/31708] 처리 중...
2026-06-18 21:48:17,488 [INFO] HTTP Request: POST http://localhost:1234/v1/chat/completions "HTTP/1.1 200 OK"
2026-06-18 21:48:17,992 [INFO] [585/31708] 처리 중...
2026-06-18 21:48:47,935 [INFO] HTTP Request: POST http://localhost:1234/v1/chat/completions "HTTP/1.1 200 OK"
2026-06-18 21:48:48,441 [INFO] [586/31708] 처리 중...
2026-06-18 21:49:19,126 [INFO] HTTP Request: POST http://localhost:1234/v1/chat/completions "HTTP/1.1 200 OK"
2026-06-18 21:49:19,631 [INFO] [587/31708] 처리 중...
2026-06-18 21:49:50,012 [INFO] HTTP Request: POST http://localhost:1234/v1/chat/completions "HTTP/1.1 200 OK"
2026-06-18 21:49:50,518 [INFO] [588/31708] 처리 중...
2026-06-18 21:50:37,697 [INFO] HTTP Request: POST http://localhost:1234/v1/chat/completions "HTTP/1.1 200 OK"
2026-06-18 21:50:38,201 [INFO] [589/31708] 처리 중...
2026-06-18 21:51:24,133 [INFO] HTTP Request: POST http://localhost:1234/v1/chat/completions "HTTP/1.1 200 OK"
2026-06-18 21:51:24,640 [INFO] [590/31708] 처리 중...
2026-06-18 21:52:06,290 [INFO] HTTP Request: POST http://localhost:1234/v1/chat/completions "HTTP/1.1 200 OK"
2026-06-18 21:52:06,795 [INFO] [591/31708] 처리 중...
2026-06-18 21:52:30,542 [INFO] HTTP Request: POST http://localhost:1234/v1/chat/completions "HTTP/1.1 200 OK"
2026-06-18 21:52:31,048 [INFO] [592/31708] 처리 중...
2026-06-18 21:53:36,836 [INFO] HTTP Request: POST http://localhost:1234/v1/chat/completions "HTTP/1.1 200 OK"
2026-06-18 21:53:37,342 [INFO] [593/31708] 처리 중...
2026-06-18 21:54:14,217 [INFO] HTTP Request: POST http://localhost:1234/v1/chat/completions "HTTP/1.1 200 OK"
2026-06-18 21:54:14,722 [INFO] [594/31708] 처리 중...
2026-06-18 21:54:47,056 [INFO] HTTP Request: POST http://localhost:1234/v1/chat/completions "HTTP/1.1 200 OK"
2026-06-18 21:54:47,561 [INFO] [595/31708] 처리 중...
2026-06-18 21:55:15,058 [INFO] HTTP Request: POST http://localhost:1234/v1/chat/completions "HTTP/1.1 200 OK"
2026-06-18 21:55:15,560 [INFO] [596/31708] 처리 중...
2026-06-18 21:57:18,327 [INFO] HTTP Request: POST http://localhost:1234/v1/chat/completions "HTTP/1.1 200 OK"
2026-06-18 21:57:18,832 [INFO] [597/31708] 처리 중...
2026-06-18 22:00:42,530 [INFO] HTTP Request: POST http://localhost:1234/v1/chat/completions "HTTP/1.1 200 OK"
2026-06-18 22:00:42,532 [INFO] Error 추출 실패: Expecting value: line 1 column 1 (char 0)
2026-06-18 22:00:43,034 [INFO] [598/31708] 처리 중...
2026-06-18 22:01:30,161 [INFO] HTTP Request: POST http://localhost:1234/v1/chat/completions "HTTP/1.1 200 OK"
2026-06-18 22:01:30,666 [INFO] [599/31708] 처리 중...
2026-06-18 22:04:53,430 [INFO] HTTP Request: POST http://localhost:1234/v1/chat/completions "HTTP/1.1 200 OK"
2026-06-18 22:04:53,434 [INFO] Error 추출 실패: Expecting value: line 1 column 1 (char 0)
2026-06-18 22:04:53,935 [INFO] [600/31708] 처리 중...
2026-06-18 22:08:16,142 [INFO] HTTP Request: POST http://localhost:1234/v1/chat/completions "HTTP/1.1 200 OK"
2026-06-18 22:08:16,145 [INFO] Error 추출 실패: Expecting value: line 1 column 1 (char 0)
2026-06-18 22:08:16,159 [INFO] 💾 [600/31708] 데이터 중간 저장 완료!
2026-06-18 22:08:16,661 [INFO] [601/31708] 처리 중...
2026-06-18 22:11:38,510 [INFO] HTTP Request: POST http://localhost:1234/v1/chat/completions "HTTP/1.1 200 OK"
2026-06-18 22:11:38,512 [INFO] Error 추출 실패: Expecting value: line 1 column 1 (char 0)
2026-06-18 22:11:39,013 [INFO] [602/31708] 처리 중...
2026-06-18 22:12:22,389 [INFO] HTTP Request: POST http://localhost:1234/v1/chat/completions "HTTP/1.1 200 OK"
2026-06-18 22:12:22,895 [INFO] [603/31708] 처리 중...
2026-06-18 22:12:51,871 [INFO] HTTP Request: POST http://localhost:1234/v1/chat/completions "HTTP/1.1 200 OK"
2026-06-18 22:12:52,376 [INFO] [604/31708] 처리 중...
2026-06-18 22:13:03,427 [INFO] HTTP Request: POST http://localhost:1234/v1/chat/completions "HTTP/1.1 200 OK"
2026-06-18 22:13:03,932 [INFO] [605/31708] 처리 중...
2026-06-18 22:13:33,031 [INFO] HTTP Request: POST http://localhost:1234/v1/chat/completions "HTTP/1.1 200 OK"
2026-06-18 22:13:33,536 [INFO] [606/31708] 처리 중...
2026-06-18 22:13:53,505 [INFO] HTTP Request: POST http://localhost:1234/v1/chat/completions "HTTP/1.1 200 OK"
2026-06-18 22:13:54,010 [INFO] [607/31708] 처리 중...
2026-06-18 22:14:13,484 [INFO] HTTP Request: POST http://localhost:1234/v1/chat/completions "HTTP/1.1 200 OK"
2026-06-18 22:14:13,987 [INFO] [608/31708] 처리 중...
2026-06-18 22:14:54,484 [INFO] HTTP Request: POST http://localhost:1234/v1/chat/completions "HTTP/1.1 200 OK"
2026-06-18 22:14:54,989 [INFO] [609/31708] 처리 중...
2026-06-18 22:15:08,472 [INFO] HTTP Request: POST http://localhost:1234/v1/chat/completions "HTTP/1.1 200 OK"
2026-06-18 22:15:08,976 [INFO] [610/31708] 처리 중...
2026-06-18 22:15:43,940 [INFO] HTTP Request: POST http://localhost:1234/v1/chat/completions "HTTP/1.1 200 OK"
2026-06-18 22:15:44,443 [INFO] [611/31708] 처리 중...
2026-06-18 22:16:23,749 [INFO] HTTP Request: POST http://localhost:1234/v1/chat/completions "HTTP/1.1 200 OK"
2026-06-18 22:16:24,252 [INFO] [612/31708] 처리 중...
2026-06-18 22:19:46,425 [INFO] HTTP Request: POST http://localhost:1234/v1/chat/completions "HTTP/1.1 200 OK"
2026-06-18 22:19:46,428 [INFO] Error 추출 실패: Expecting value: line 1 column 1 (char 0)
2026-06-18 22:19:46,930 [INFO] [613/31708] 처리 중...
2026-06-18 22:20:12,032 [INFO] HTTP Request: POST http://localhost:1234/v1/chat/completions "HTTP/1.1 200 OK"
2026-06-18 22:20:12,537 [INFO] [614/31708] 처리 중...
2026-06-18 22:20:25,551 [INFO] HTTP Request: POST http://localhost:1234/v1/chat/completions "HTTP/1.1 200 OK"
2026-06-18 22:20:26,055 [INFO] [615/31708] 처리 중...
2026-06-18 22:20:53,069 [INFO] HTTP Request: POST http://localhost:1234/v1/chat/completions "HTTP/1.1 200 OK"
2026-06-18 22:20:53,573 [INFO] [616/31708] 처리 중...
2026-06-18 22:21:25,052 [INFO] HTTP Request: POST http://localhost:1234/v1/chat/completions "HTTP/1.1 200 OK"
2026-06-18 22:21:25,557 [INFO] [617/31708] 처리 중...
2026-06-18 22:24:49,237 [INFO] HTTP Request: POST http://localhost:1234/v1/chat/completions "HTTP/1.1 200 OK"
2026-06-18 22:24:49,241 [INFO] Error 추출 실패: Expecting value: line 1 column 1 (char 0)
2026-06-18 22:24:49,744 [INFO] [618/31708] 처리 중...
2026-06-18 22:28:12,304 [INFO] HTTP Request: POST http://localhost:1234/v1/chat/completions "HTTP/1.1 200 OK"
2026-06-18 22:28:12,305 [INFO] Error 추출 실패: Expecting value: line 1 column 1 (char 0)
2026-06-18 22:28:12,807 [INFO] [619/31708] 처리 중...
2026-06-18 22:31:35,373 [INFO] HTTP Request: POST http://localhost:1234/v1/chat/completions "HTTP/1.1 200 OK"
2026-06-18 22:31:35,376 [INFO] Error 추출 실패: Expecting value: line 1 column 1 (char 0)
2026-06-18 22:31:35,878 [INFO] [620/31708] 처리 중...
2026-06-18 22:32:18,365 [INFO] HTTP Request: POST http://localhost:1234/v1/chat/completions "HTTP/1.1 200 OK"
2026-06-18 22:32:18,869 [INFO] [621/31708] 처리 중...
2026-06-18 22:32:57,539 [INFO] HTTP Request: POST http://localhost:1234/v1/chat/completions "HTTP/1.1 200 OK"
2026-06-18 22:32:58,044 [INFO] [622/31708] 처리 중...
2026-06-18 22:33:39,803 [INFO] HTTP Request: POST http://localhost:1234/v1/chat/completions "HTTP/1.1 200 OK"
2026-06-18 22:33:40,308 [INFO] [623/31708] 처리 중...
2026-06-18 22:34:20,912 [INFO] HTTP Request: POST http://localhost:1234/v1/chat/completions "HTTP/1.1 200 OK"
2026-06-18 22:34:21,416 [INFO] [624/31708] 처리 중...
2026-06-18 22:34:54,944 [INFO] HTTP Request: POST http://localhost:1234/v1/chat/completions "HTTP/1.1 200 OK"
2026-06-18 22:34:55,449 [INFO] [625/31708] 처리 중...
2026-06-18 22:35:30,653 [INFO] HTTP Request: POST http://localhost:1234/v1/chat/completions "HTTP/1.1 200 OK"
2026-06-18 22:35:31,158 [INFO] [626/31708] 처리 중...
2026-06-18 22:36:30,700 [INFO] HTTP Request: POST http://localhost:1234/v1/chat/completions "HTTP/1.1 200 OK"
2026-06-18 22:36:31,203 [INFO] [627/31708] 처리 중...
2026-06-18 22:37:07,085 [INFO] HTTP Request: POST http://localhost:1234/v1/chat/completions "HTTP/1.1 200 OK"
2026-06-18 22:37:07,590 [INFO] [628/31708] 처리 중...
2026-06-18 22:37:46,227 [INFO] HTTP Request: POST http://localhost:1234/v1/chat/completions "HTTP/1.1 200 OK"
2026-06-18 22:37:46,732 [INFO] [629/31708] 처리 중...
2026-06-18 22:38:29,065 [INFO] HTTP Request: POST http://localhost:1234/v1/chat/completions "HTTP/1.1 200 OK"
2026-06-18 22:38:29,570 [INFO] [630/31708] 처리 중...
2026-06-18 22:39:02,923 [INFO] HTTP Request: POST http://localhost:1234/v1/chat/completions "HTTP/1.1 200 OK"
2026-06-18 22:39:03,428 [INFO] [631/31708] 처리 중...
2026-06-18 22:39:44,992 [INFO] HTTP Request: POST http://localhost:1234/v1/chat/completions "HTTP/1.1 200 OK"
2026-06-18 22:39:45,497 [INFO] [632/31708] 처리 중...
2026-06-18 22:43:08,437 [INFO] HTTP Request: POST http://localhost:1234/v1/chat/completions "HTTP/1.1 200 OK"
2026-06-18 22:43:08,442 [INFO] Error 추출 실패: Expecting value: line 1 column 1 (char 0)
2026-06-18 22:43:08,944 [INFO] [633/31708] 처리 중...
2026-06-18 22:43:50,413 [INFO] HTTP Request: POST http://localhost:1234/v1/chat/completions "HTTP/1.1 200 OK"
2026-06-18 22:43:50,918 [INFO] [634/31708] 처리 중...
2026-06-18 22:44:26,577 [INFO] HTTP Request: POST http://localhost:1234/v1/chat/completions "HTTP/1.1 200 OK"
2026-06-18 22:44:27,082 [INFO] [635/31708] 처리 중...
2026-06-18 22:44:58,072 [INFO] HTTP Request: POST http://localhost:1234/v1/chat/completions "HTTP/1.1 200 OK"
2026-06-18 22:44:58,576 [INFO] [636/31708] 처리 중...
2026-06-18 22:45:33,745 [INFO] HTTP Request: POST http://localhost:1234/v1/chat/completions "HTTP/1.1 200 OK"
2026-06-18 22:45:34,251 [INFO] [637/31708] 처리 중...
2026-06-18 22:46:16,486 [INFO] HTTP Request: POST http://localhost:1234/v1/chat/completions "HTTP/1.1 200 OK"
2026-06-18 22:46:16,992 [INFO] [638/31708] 처리 중...
2026-06-18 22:46:45,885 [INFO] HTTP Request: POST http://localhost:1234/v1/chat/completions "HTTP/1.1 200 OK"
2026-06-18 22:46:46,387 [INFO] [639/31708] 처리 중...
2026-06-18 22:47:14,588 [INFO] HTTP Request: POST http://localhost:1234/v1/chat/completions "HTTP/1.1 200 OK"
2026-06-18 22:47:15,094 [INFO] [640/31708] 처리 중...
2026-06-18 22:48:04,991 [INFO] HTTP Request: POST http://localhost:1234/v1/chat/completions "HTTP/1.1 200 OK"
2026-06-18 22:48:05,496 [INFO] [641/31708] 처리 중...
2026-06-18 22:48:32,672 [INFO] HTTP Request: POST http://localhost:1234/v1/chat/completions "HTTP/1.1 200 OK"
2026-06-18 22:48:33,179 [INFO] [642/31708] 처리 중...
2026-06-18 22:49:10,133 [INFO] HTTP Request: POST http://localhost:1234/v1/chat/completions "HTTP/1.1 200 OK"
2026-06-18 22:49:10,638 [INFO] [643/31708] 처리 중...
2026-06-18 22:52:34,656 [INFO] HTTP Request: POST http://localhost:1234/v1/chat/completions "HTTP/1.1 200 OK"
2026-06-18 22:52:34,660 [INFO] Error 추출 실패: Expecting value: line 1 column 1 (char 0)
2026-06-18 22:52:35,162 [INFO] [644/31708] 처리 중...
2026-06-18 22:53:07,810 [INFO] HTTP Request: POST http://localhost:1234/v1/chat/completions "HTTP/1.1 200 OK"
2026-06-18 22:53:08,315 [INFO] [645/31708] 처리 중...
2026-06-18 22:53:48,846 [INFO] HTTP Request: POST http://localhost:1234/v1/chat/completions "HTTP/1.1 200 OK"
2026-06-18 22:53:49,350 [INFO] [646/31708] 처리 중...
2026-06-18 22:54:26,059 [INFO] HTTP Request: POST http://localhost:1234/v1/chat/completions "HTTP/1.1 200 OK"
2026-06-18 22:54:26,564 [INFO] [647/31708] 처리 중...
2026-06-18 22:54:55,197 [INFO] HTTP Request: POST http://localhost:1234/v1/chat/completions "HTTP/1.1 200 OK"
2026-06-18 22:54:55,700 [INFO] [648/31708] 처리 중...
2026-06-18 22:55:25,840 [INFO] HTTP Request: POST http://localhost:1234/v1/chat/completions "HTTP/1.1 200 OK"
2026-06-18 22:55:26,345 [INFO] [649/31708] 처리 중...
2026-06-18 22:56:34,278 [INFO] HTTP Request: POST http://localhost:1234/v1/chat/completions "HTTP/1.1 200 OK"
2026-06-18 22:56:34,781 [INFO] [650/31708] 처리 중...
2026-06-18 22:57:22,722 [INFO] HTTP Request: POST http://localhost:1234/v1/chat/completions "HTTP/1.1 200 OK"
2026-06-18 22:57:22,743 [INFO] 💾 [650/31708] 데이터 중간 저장 완료!
2026-06-18 22:57:23,245 [INFO] [651/31708] 처리 중...
2026-06-18 23:00:12,011 [INFO] HTTP Request: POST http://localhost:1234/v1/chat/completions "HTTP/1.1 200 OK"
2026-06-18 23:00:12,012 [INFO] Error 추출 실패: Expecting value: line 1 column 1 (char 0)
2026-06-18 23:00:12,514 [INFO] [652/31708] 처리 중...
2026-06-18 23:00:59,765 [INFO] HTTP Request: POST http://localhost:1234/v1/chat/completions "HTTP/1.1 200 OK"
2026-06-18 23:01:00,267 [INFO] [653/31708] 처리 중...
2026-06-18 23:04:25,366 [INFO] HTTP Request: POST http://localhost:1234/v1/chat/completions "HTTP/1.1 200 OK"
2026-06-18 23:04:25,369 [INFO] Error 추출 실패: Expecting value: line 1 column 1 (char 0)
2026-06-18 23:04:25,870 [INFO] [654/31708] 처리 중...
2026-06-18 23:04:57,527 [INFO] HTTP Request: POST http://localhost:1234/v1/chat/completions "HTTP/1.1 200 OK"
2026-06-18 23:04:58,032 [INFO] [655/31708] 처리 중...
2026-06-18 23:05:38,298 [INFO] HTTP Request: POST http://localhost:1234/v1/chat/completions "HTTP/1.1 200 OK"
2026-06-18 23:05:38,803 [INFO] [656/31708] 처리 중...
2026-06-18 23:09:02,505 [INFO] HTTP Request: POST http://localhost:1234/v1/chat/completions "HTTP/1.1 200 OK"
2026-06-18 23:09:02,508 [INFO] Error 추출 실패: Expecting value: line 1 column 1 (char 0)
2026-06-18 23:09:03,010 [INFO] [657/31708] 처리 중...
2026-06-18 23:09:27,327 [INFO] HTTP Request: POST http://localhost:1234/v1/chat/completions "HTTP/1.1 200 OK"
2026-06-18 23:09:27,831 [INFO] [658/31708] 처리 중...
2026-06-18 23:09:54,541 [INFO] HTTP Request: POST http://localhost:1234/v1/chat/completions "HTTP/1.1 200 OK"
2026-06-18 23:09:55,046 [INFO] [659/31708] 처리 중...
2026-06-18 23:13:17,778 [INFO] HTTP Request: POST http://localhost:1234/v1/chat/completions "HTTP/1.1 200 OK"
2026-06-18 23:13:17,782 [INFO] Error 추출 실패: Expecting value: line 1 column 1 (char 0)
2026-06-18 23:13:18,284 [INFO] [660/31708] 처리 중...
2026-06-18 23:13:50,519 [INFO] HTTP Request: POST http://localhost:1234/v1/chat/completions "HTTP/1.1 200 OK"
2026-06-18 23:13:51,025 [INFO] [661/31708] 처리 중...
2026-06-18 23:14:23,706 [INFO] HTTP Request: POST http://localhost:1234/v1/chat/completions "HTTP/1.1 200 OK"
2026-06-18 23:14:24,211 [INFO] [662/31708] 처리 중...
2026-06-18 23:17:46,575 [INFO] HTTP Request: POST http://localhost:1234/v1/chat/completions "HTTP/1.1 200 OK"
2026-06-18 23:17:46,577 [INFO] Error 추출 실패: Expecting value: line 1 column 1 (char 0)
2026-06-18 23:17:47,079 [INFO] [663/31708] 처리 중...
2026-06-18 23:18:32,706 [INFO] HTTP Request: POST http://localhost:1234/v1/chat/completions "HTTP/1.1 200 OK"
2026-06-18 23:18:33,211 [INFO] [664/31708] 처리 중...
2026-06-18 23:19:02,895 [INFO] HTTP Request: POST http://localhost:1234/v1/chat/completions "HTTP/1.1 200 OK"
2026-06-18 23:19:03,401 [INFO] [665/31708] 처리 중...
2026-06-18 23:19:51,888 [INFO] HTTP Request: POST http://localhost:1234/v1/chat/completions "HTTP/1.1 200 OK"
2026-06-18 23:19:52,393 [INFO] [666/31708] 처리 중...
2026-06-18 23:20:41,434 [INFO] HTTP Request: POST http://localhost:1234/v1/chat/completions "HTTP/1.1 200 OK"
2026-06-18 23:20:41,939 [INFO] [667/31708] 처리 중...
2026-06-18 23:21:16,107 [INFO] HTTP Request: POST http://localhost:1234/v1/chat/completions "HTTP/1.1 200 OK"
2026-06-18 23:21:16,612 [INFO] [668/31708] 처리 중...
2026-06-18 23:21:46,716 [INFO] HTTP Request: POST http://localhost:1234/v1/chat/completions "HTTP/1.1 200 OK"
2026-06-18 23:21:47,221 [INFO] [669/31708] 처리 중...
2026-06-18 23:22:32,524 [INFO] HTTP Request: POST http://localhost:1234/v1/chat/completions "HTTP/1.1 200 OK"
2026-06-18 23:22:33,029 [INFO] [670/31708] 처리 중...
2026-06-18 23:23:11,034 [INFO] HTTP Request: POST http://localhost:1234/v1/chat/completions "HTTP/1.1 200 OK"
2026-06-18 23:23:11,539 [INFO] [671/31708] 처리 중...
2026-06-18 23:23:35,640 [INFO] HTTP Request: POST http://localhost:1234/v1/chat/completions "HTTP/1.1 200 OK"
2026-06-18 23:23:36,146 [INFO] [672/31708] 처리 중...
2026-06-18 23:24:14,887 [INFO] HTTP Request: POST http://localhost:1234/v1/chat/completions "HTTP/1.1 200 OK"
2026-06-18 23:24:15,392 [INFO] [673/31708] 처리 중...
2026-06-18 23:24:50,374 [INFO] HTTP Request: POST http://localhost:1234/v1/chat/completions "HTTP/1.1 200 OK"
2026-06-18 23:24:50,879 [INFO] [674/31708] 처리 중...
2026-06-18 23:25:22,861 [INFO] HTTP Request: POST http://localhost:1234/v1/chat/completions "HTTP/1.1 200 OK"
2026-06-18 23:25:23,364 [INFO] [675/31708] 처리 중...
2026-06-18 23:26:06,752 [INFO] HTTP Request: POST http://localhost:1234/v1/chat/completions "HTTP/1.1 200 OK"
2026-06-18 23:26:07,255 [INFO] [676/31708] 처리 중...
2026-06-18 23:26:37,251 [INFO] HTTP Request: POST http://localhost:1234/v1/chat/completions "HTTP/1.1 200 OK"
2026-06-18 23:26:37,755 [INFO] [677/31708] 처리 중...
2026-06-18 23:30:00,229 [INFO] HTTP Request: POST http://localhost:1234/v1/chat/completions "HTTP/1.1 200 OK"
2026-06-18 23:30:00,229 [INFO] Error 추출 실패: Expecting value: line 1 column 1 (char 0)
2026-06-18 23:30:00,730 [INFO] [678/31708] 처리 중...
2026-06-18 23:30:52,100 [INFO] HTTP Request: POST http://localhost:1234/v1/chat/completions "HTTP/1.1 200 OK"
2026-06-18 23:30:52,602 [INFO] [679/31708] 처리 중...
2026-06-18 23:31:18,945 [INFO] HTTP Request: POST http://localhost:1234/v1/chat/completions "HTTP/1.1 200 OK"
2026-06-18 23:31:19,451 [INFO] [680/31708] 처리 중...
2026-06-18 23:31:52,879 [INFO] HTTP Request: POST http://localhost:1234/v1/chat/completions "HTTP/1.1 200 OK"
2026-06-18 23:31:53,383 [INFO] [681/31708] 처리 중...
2026-06-18 23:32:21,735 [INFO] HTTP Request: POST http://localhost:1234/v1/chat/completions "HTTP/1.1 200 OK"
2026-06-18 23:32:22,240 [INFO] [682/31708] 처리 중...
2026-06-18 23:35:45,503 [INFO] HTTP Request: POST http://localhost:1234/v1/chat/completions "HTTP/1.1 200 OK"
2026-06-18 23:35:45,507 [INFO] Error 추출 실패: Expecting value: line 1 column 1 (char 0)
2026-06-18 23:35:46,009 [INFO] [683/31708] 처리 중...
2026-06-18 23:36:20,680 [INFO] HTTP Request: POST http://localhost:1234/v1/chat/completions "HTTP/1.1 200 OK"
2026-06-18 23:36:21,184 [INFO] [684/31708] 처리 중...
2026-06-18 23:36:49,957 [INFO] HTTP Request: POST http://localhost:1234/v1/chat/completions "HTTP/1.1 200 OK"
2026-06-18 23:36:50,462 [INFO] [685/31708] 처리 중...
2026-06-18 23:37:17,489 [INFO] HTTP Request: POST http://localhost:1234/v1/chat/completions "HTTP/1.1 200 OK"
2026-06-18 23:37:17,994 [INFO] [686/31708] 처리 중...
2026-06-18 23:38:00,219 [INFO] HTTP Request: POST http://localhost:1234/v1/chat/completions "HTTP/1.1 200 OK"
2026-06-18 23:38:00,722 [INFO] [687/31708] 처리 중...
2026-06-18 23:38:48,000 [INFO] HTTP Request: POST http://localhost:1234/v1/chat/completions "HTTP/1.1 200 OK"
2026-06-18 23:38:48,505 [INFO] [688/31708] 처리 중...
2026-06-18 23:39:18,555 [INFO] HTTP Request: POST http://localhost:1234/v1/chat/completions "HTTP/1.1 200 OK"
2026-06-18 23:39:19,061 [INFO] [689/31708] 처리 중...
2026-06-18 23:39:47,046 [INFO] HTTP Request: POST http://localhost:1234/v1/chat/completions "HTTP/1.1 200 OK"
2026-06-18 23:39:47,551 [INFO] [690/31708] 처리 중...
2026-06-18 23:40:20,092 [INFO] HTTP Request: POST http://localhost:1234/v1/chat/completions "HTTP/1.1 200 OK"
2026-06-18 23:40:20,597 [INFO] [691/31708] 처리 중...
2026-06-18 23:40:49,855 [INFO] HTTP Request: POST http://localhost:1234/v1/chat/completions "HTTP/1.1 200 OK"
2026-06-18 23:40:50,359 [INFO] [692/31708] 처리 중...
2026-06-18 23:41:33,760 [INFO] HTTP Request: POST http://localhost:1234/v1/chat/completions "HTTP/1.1 200 OK"
2026-06-18 23:41:34,265 [INFO] [693/31708] 처리 중...
2026-06-18 23:42:12,737 [INFO] HTTP Request: POST http://localhost:1234/v1/chat/completions "HTTP/1.1 200 OK"
2026-06-18 23:42:13,243 [INFO] [694/31708] 처리 중...
2026-06-18 23:42:47,938 [INFO] HTTP Request: POST http://localhost:1234/v1/chat/completions "HTTP/1.1 200 OK"
2026-06-18 23:42:48,441 [INFO] [695/31708] 처리 중...
2026-06-18 23:43:34,006 [INFO] HTTP Request: POST http://localhost:1234/v1/chat/completions "HTTP/1.1 200 OK"
2026-06-18 23:43:34,511 [INFO] [696/31708] 처리 중...
2026-06-18 23:44:00,455 [INFO] HTTP Request: POST http://localhost:1234/v1/chat/completions "HTTP/1.1 200 OK"
2026-06-18 23:44:00,961 [INFO] [697/31708] 처리 중...
2026-06-18 23:44:40,031 [INFO] HTTP Request: POST http://localhost:1234/v1/chat/completions "HTTP/1.1 200 OK"
2026-06-18 23:44:40,536 [INFO] [698/31708] 처리 중...
2026-06-18 23:46:41,531 [INFO] HTTP Request: POST http://localhost:1234/v1/chat/completions "HTTP/1.1 200 OK"
2026-06-18 23:46:42,036 [INFO] [699/31708] 처리 중...
2026-06-18 23:50:04,768 [INFO] HTTP Request: POST http://localhost:1234/v1/chat/completions "HTTP/1.1 200 OK"
2026-06-18 23:50:04,770 [INFO] Error 추출 실패: Expecting value: line 1 column 1 (char 0)
2026-06-18 23:50:05,272 [INFO] [700/31708] 처리 중...
2026-06-18 23:50:51,151 [INFO] HTTP Request: POST http://localhost:1234/v1/chat/completions "HTTP/1.1 200 OK"
2026-06-18 23:50:51,173 [INFO] 💾 [700/31708] 데이터 중간 저장 완료!
2026-06-18 23:50:51,674 [INFO] [701/31708] 처리 중...
2026-06-18 23:51:29,474 [INFO] HTTP Request: POST http://localhost:1234/v1/chat/completions "HTTP/1.1 200 OK"
2026-06-18 23:51:29,979 [INFO] [702/31708] 처리 중...
2026-06-18 23:52:06,287 [INFO] HTTP Request: POST http://localhost:1234/v1/chat/completions "HTTP/1.1 200 OK"
2026-06-18 23:52:06,792 [INFO] [703/31708] 처리 중...
2026-06-18 23:52:39,029 [INFO] HTTP Request: POST http://localhost:1234/v1/chat/completions "HTTP/1.1 200 OK"
2026-06-18 23:52:39,533 [INFO] [704/31708] 처리 중...
2026-06-18 23:53:15,926 [INFO] HTTP Request: POST http://localhost:1234/v1/chat/completions "HTTP/1.1 200 OK"
2026-06-18 23:53:16,431 [INFO] [705/31708] 처리 중...
2026-06-18 23:54:11,453 [INFO] HTTP Request: POST http://localhost:1234/v1/chat/completions "HTTP/1.1 200 OK"
2026-06-18 23:54:11,958 [INFO] [706/31708] 처리 중...
2026-06-18 23:54:47,679 [INFO] HTTP Request: POST http://localhost:1234/v1/chat/completions "HTTP/1.1 200 OK"
2026-06-18 23:54:48,184 [INFO] [707/31708] 처리 중...
2026-06-18 23:55:20,746 [INFO] HTTP Request: POST http://localhost:1234/v1/chat/completions "HTTP/1.1 200 OK"
2026-06-18 23:55:21,251 [INFO] [708/31708] 처리 중...
2026-06-18 23:56:20,629 [INFO] HTTP Request: POST http://localhost:1234/v1/chat/completions "HTTP/1.1 200 OK"
2026-06-18 23:56:21,133 [INFO] [709/31708] 처리 중...
2026-06-18 23:59:44,476 [INFO] HTTP Request: POST http://localhost:1234/v1/chat/completions "HTTP/1.1 200 OK"
2026-06-18 23:59:44,480 [INFO] Error 추출 실패: Expecting value: line 1 column 1 (char 0)
2026-06-18 23:59:44,982 [INFO] [710/31708] 처리 중...
2026-06-19 00:00:10,691 [INFO] HTTP Request: POST http://localhost:1234/v1/chat/completions "HTTP/1.1 200 OK"
2026-06-19 00:00:11,196 [INFO] [711/31708] 처리 중...
2026-06-19 00:00:47,840 [INFO] HTTP Request: POST http://localhost:1234/v1/chat/completions "HTTP/1.1 200 OK"
2026-06-19 00:00:48,346 [INFO] [712/31708] 처리 중...
2026-06-19 00:01:20,460 [INFO] HTTP Request: POST http://localhost:1234/v1/chat/completions "HTTP/1.1 200 OK"
2026-06-19 00:01:20,966 [INFO] [713/31708] 처리 중...
2026-06-19 00:01:53,864 [INFO] HTTP Request: POST http://localhost:1234/v1/chat/completions "HTTP/1.1 200 OK"
2026-06-19 00:01:54,367 [INFO] [714/31708] 처리 중...
2026-06-19 00:02:22,381 [INFO] HTTP Request: POST http://localhost:1234/v1/chat/completions "HTTP/1.1 200 OK"
2026-06-19 00:02:22,887 [INFO] [715/31708] 처리 중...
2026-06-19 00:03:17,257 [INFO] HTTP Request: POST http://localhost:1234/v1/chat/completions "HTTP/1.1 200 OK"
2026-06-19 00:03:17,762 [INFO] [716/31708] 처리 중...
2026-06-19 00:03:50,185 [INFO] HTTP Request: POST http://localhost:1234/v1/chat/completions "HTTP/1.1 200 OK"
2026-06-19 00:03:50,689 [INFO] [717/31708] 처리 중...
2026-06-19 00:04:16,544 [INFO] HTTP Request: POST http://localhost:1234/v1/chat/completions "HTTP/1.1 200 OK"
2026-06-19 00:04:17,048 [INFO] [718/31708] 처리 중...
2026-06-19 00:04:56,110 [INFO] HTTP Request: POST http://localhost:1234/v1/chat/completions "HTTP/1.1 200 OK"
2026-06-19 00:04:56,614 [INFO] [719/31708] 처리 중...
2026-06-19 00:05:34,193 [INFO] HTTP Request: POST http://localhost:1234/v1/chat/completions "HTTP/1.1 200 OK"
2026-06-19 00:05:34,698 [INFO] [720/31708] 처리 중...
2026-06-19 00:06:04,100 [INFO] HTTP Request: POST http://localhost:1234/v1/chat/completions "HTTP/1.1 200 OK"
2026-06-19 00:06:04,604 [INFO] [721/31708] 처리 중...
2026-06-19 00:06:31,574 [INFO] HTTP Request: POST http://localhost:1234/v1/chat/completions "HTTP/1.1 200 OK"
2026-06-19 00:06:32,080 [INFO] [722/31708] 처리 중...
2026-06-19 00:09:57,102 [INFO] HTTP Request: POST http://localhost:1234/v1/chat/completions "HTTP/1.1 200 OK"
2026-06-19 00:09:57,105 [INFO] Error 추출 실패: Expecting value: line 1 column 1 (char 0)
2026-06-19 00:09:57,608 [INFO] [723/31708] 처리 중...
2026-06-19 00:10:47,026 [INFO] HTTP Request: POST http://localhost:1234/v1/chat/completions "HTTP/1.1 200 OK"
2026-06-19 00:10:47,532 [INFO] [724/31708] 처리 중...
2026-06-19 00:11:24,696 [INFO] HTTP Request: POST http://localhost:1234/v1/chat/completions "HTTP/1.1 200 OK"
2026-06-19 00:11:25,200 [INFO] [725/31708] 처리 중...
2026-06-19 00:14:50,569 [INFO] HTTP Request: POST http://localhost:1234/v1/chat/completions "HTTP/1.1 200 OK"
2026-06-19 00:14:50,570 [INFO] Error 추출 실패: Expecting value: line 1 column 1 (char 0)
2026-06-19 00:14:51,072 [INFO] [726/31708] 처리 중...
2026-06-19 00:15:17,943 [INFO] HTTP Request: POST http://localhost:1234/v1/chat/completions "HTTP/1.1 200 OK"
2026-06-19 00:15:18,448 [INFO] [727/31708] 처리 중...
2026-06-19 00:15:45,509 [INFO] HTTP Request: POST http://localhost:1234/v1/chat/completions "HTTP/1.1 200 OK"
2026-06-19 00:15:46,011 [INFO] [728/31708] 처리 중...
2026-06-19 00:16:27,375 [INFO] HTTP Request: POST http://localhost:1234/v1/chat/completions "HTTP/1.1 200 OK"
2026-06-19 00:16:27,880 [INFO] [729/31708] 처리 중...
2026-06-19 00:16:59,459 [INFO] HTTP Request: POST http://localhost:1234/v1/chat/completions "HTTP/1.1 200 OK"
2026-06-19 00:16:59,964 [INFO] [730/31708] 처리 중...
2026-06-19 00:17:28,986 [INFO] HTTP Request: POST http://localhost:1234/v1/chat/completions "HTTP/1.1 200 OK"
2026-06-19 00:17:29,491 [INFO] [731/31708] 처리 중...
2026-06-19 00:18:05,385 [INFO] HTTP Request: POST http://localhost:1234/v1/chat/completions "HTTP/1.1 200 OK"
2026-06-19 00:18:05,888 [INFO] [732/31708] 처리 중...
2026-06-19 00:18:51,167 [INFO] HTTP Request: POST http://localhost:1234/v1/chat/completions "HTTP/1.1 200 OK"
2026-06-19 00:18:51,673 [INFO] [733/31708] 처리 중...
2026-06-19 00:19:50,578 [INFO] HTTP Request: POST http://localhost:1234/v1/chat/completions "HTTP/1.1 200 OK"
2026-06-19 00:19:51,081 [INFO] [734/31708] 처리 중...
2026-06-19 00:23:15,503 [INFO] HTTP Request: POST http://localhost:1234/v1/chat/completions "HTTP/1.1 200 OK"
2026-06-19 00:23:15,507 [INFO] Error 추출 실패: Expecting value: line 1 column 1 (char 0)
2026-06-19 00:23:16,009 [INFO] [735/31708] 처리 중...
2026-06-19 00:23:56,734 [INFO] HTTP Request: POST http://localhost:1234/v1/chat/completions "HTTP/1.1 200 OK"
2026-06-19 00:23:57,238 [INFO] [736/31708] 처리 중...
2026-06-19 00:24:25,067 [INFO] HTTP Request: POST http://localhost:1234/v1/chat/completions "HTTP/1.1 200 OK"
2026-06-19 00:24:25,572 [INFO] [737/31708] 처리 중...
2026-06-19 00:25:02,822 [INFO] HTTP Request: POST http://localhost:1234/v1/chat/completions "HTTP/1.1 200 OK"
2026-06-19 00:25:03,327 [INFO] [738/31708] 처리 중...
2026-06-19 00:25:54,565 [INFO] HTTP Request: POST http://localhost:1234/v1/chat/completions "HTTP/1.1 200 OK"
2026-06-19 00:25:55,069 [INFO] [739/31708] 처리 중...
2026-06-19 00:29:17,899 [INFO] HTTP Request: POST http://localhost:1234/v1/chat/completions "HTTP/1.1 200 OK"
2026-06-19 00:29:17,902 [INFO] Error 추출 실패: Expecting value: line 1 column 1 (char 0)
2026-06-19 00:29:18,404 [INFO] [740/31708] 처리 중...
2026-06-19 00:29:41,883 [INFO] HTTP Request: POST http://localhost:1234/v1/chat/completions "HTTP/1.1 200 OK"
2026-06-19 00:29:42,387 [INFO] [741/31708] 처리 중...
2026-06-19 00:33:05,873 [INFO] HTTP Request: POST http://localhost:1234/v1/chat/completions "HTTP/1.1 200 OK"
2026-06-19 00:33:05,877 [INFO] Error 추출 실패: Expecting value: line 1 column 1 (char 0)
2026-06-19 00:33:06,379 [INFO] [742/31708] 처리 중...
2026-06-19 00:33:36,983 [INFO] HTTP Request: POST http://localhost:1234/v1/chat/completions "HTTP/1.1 200 OK"
2026-06-19 00:33:37,489 [INFO] [743/31708] 처리 중...
2026-06-19 00:34:12,398 [INFO] HTTP Request: POST http://localhost:1234/v1/chat/completions "HTTP/1.1 200 OK"
2026-06-19 00:34:12,903 [INFO] [744/31708] 처리 중...
2026-06-19 00:34:50,191 [INFO] HTTP Request: POST http://localhost:1234/v1/chat/completions "HTTP/1.1 200 OK"
2026-06-19 00:34:50,697 [INFO] [745/31708] 처리 중...
2026-06-19 00:35:23,604 [INFO] HTTP Request: POST http://localhost:1234/v1/chat/completions "HTTP/1.1 200 OK"
2026-06-19 00:35:24,110 [INFO] [746/31708] 처리 중...
2026-06-19 00:36:03,759 [INFO] HTTP Request: POST http://localhost:1234/v1/chat/completions "HTTP/1.1 200 OK"
2026-06-19 00:36:04,263 [INFO] [747/31708] 처리 중...
2026-06-19 00:39:26,951 [INFO] HTTP Request: POST http://localhost:1234/v1/chat/completions "HTTP/1.1 200 OK"
2026-06-19 00:39:26,956 [INFO] Error 추출 실패: Expecting value: line 1 column 1 (char 0)
2026-06-19 00:39:27,458 [INFO] [748/31708] 처리 중...
2026-06-19 00:39:53,614 [INFO] HTTP Request: POST http://localhost:1234/v1/chat/completions "HTTP/1.1 200 OK"
2026-06-19 00:39:54,117 [INFO] [749/31708] 처리 중...
2026-06-19 00:40:44,267 [INFO] HTTP Request: POST http://localhost:1234/v1/chat/completions "HTTP/1.1 200 OK"
2026-06-19 00:40:44,771 [INFO] [750/31708] 처리 중...
2026-06-19 00:41:49,857 [INFO] HTTP Request: POST http://localhost:1234/v1/chat/completions "HTTP/1.1 200 OK"
2026-06-19 00:41:49,879 [INFO] 💾 [750/31708] 데이터 중간 저장 완료!
2026-06-19 00:41:50,381 [INFO] [751/31708] 처리 중...
2026-06-19 00:42:30,118 [INFO] HTTP Request: POST http://localhost:1234/v1/chat/completions "HTTP/1.1 200 OK"
2026-06-19 00:42:30,622 [INFO] [752/31708] 처리 중...
2026-06-19 00:44:03,884 [INFO] HTTP Request: POST http://localhost:1234/v1/chat/completions "HTTP/1.1 200 OK"
2026-06-19 00:44:04,389 [INFO] [753/31708] 처리 중...
2026-06-19 00:44:48,889 [INFO] HTTP Request: POST http://localhost:1234/v1/chat/completions "HTTP/1.1 200 OK"
2026-06-19 00:44:49,391 [INFO] [754/31708] 처리 중...
2026-06-19 00:45:35,148 [INFO] HTTP Request: POST http://localhost:1234/v1/chat/completions "HTTP/1.1 200 OK"
2026-06-19 00:45:35,654 [INFO] [755/31708] 처리 중...
2026-06-19 00:46:04,975 [INFO] HTTP Request: POST http://localhost:1234/v1/chat/completions "HTTP/1.1 200 OK"
2026-06-19 00:46:05,477 [INFO] [756/31708] 처리 중...
2026-06-19 00:46:48,685 [INFO] HTTP Request: POST http://localhost:1234/v1/chat/completions "HTTP/1.1 200 OK"
2026-06-19 00:46:49,188 [INFO] [757/31708] 처리 중...
2026-06-19 00:47:26,445 [INFO] HTTP Request: POST http://localhost:1234/v1/chat/completions "HTTP/1.1 200 OK"
2026-06-19 00:47:26,950 [INFO] [758/31708] 처리 중...
2026-06-19 00:48:04,787 [INFO] HTTP Request: POST http://localhost:1234/v1/chat/completions "HTTP/1.1 200 OK"
2026-06-19 00:48:05,292 [INFO] [759/31708] 처리 중...
2026-06-19 00:48:47,883 [INFO] HTTP Request: POST http://localhost:1234/v1/chat/completions "HTTP/1.1 200 OK"
2026-06-19 00:48:48,387 [INFO] [760/31708] 처리 중...
2026-06-19 00:50:02,019 [INFO] HTTP Request: POST http://localhost:1234/v1/chat/completions "HTTP/1.1 200 OK"
2026-06-19 00:50:02,523 [INFO] [761/31708] 처리 중...
2026-06-19 00:50:43,654 [INFO] HTTP Request: POST http://localhost:1234/v1/chat/completions "HTTP/1.1 200 OK"
2026-06-19 00:50:44,157 [INFO] [762/31708] 처리 중...
2026-06-19 00:51:18,199 [INFO] HTTP Request: POST http://localhost:1234/v1/chat/completions "HTTP/1.1 200 OK"
2026-06-19 00:51:18,705 [INFO] [763/31708] 처리 중...
2026-06-19 00:54:41,477 [INFO] HTTP Request: POST http://localhost:1234/v1/chat/completions "HTTP/1.1 200 OK"
2026-06-19 00:54:41,480 [INFO] Error 추출 실패: Expecting value: line 1 column 1 (char 0)
2026-06-19 00:54:41,982 [INFO] [764/31708] 처리 중...
2026-06-19 00:55:23,353 [INFO] HTTP Request: POST http://localhost:1234/v1/chat/completions "HTTP/1.1 200 OK"
2026-06-19 00:55:23,857 [INFO] [765/31708] 처리 중...
2026-06-19 00:55:54,296 [INFO] HTTP Request: POST http://localhost:1234/v1/chat/completions "HTTP/1.1 200 OK"
2026-06-19 00:55:54,800 [INFO] [766/31708] 처리 중...
2026-06-19 00:56:17,760 [INFO] HTTP Request: POST http://localhost:1234/v1/chat/completions "HTTP/1.1 200 OK"
2026-06-19 00:56:18,265 [INFO] [767/31708] 처리 중...
2026-06-19 00:56:52,106 [INFO] HTTP Request: POST http://localhost:1234/v1/chat/completions "HTTP/1.1 200 OK"
2026-06-19 00:56:52,610 [INFO] [768/31708] 처리 중...
2026-06-19 00:57:37,354 [INFO] HTTP Request: POST http://localhost:1234/v1/chat/completions "HTTP/1.1 200 OK"
2026-06-19 00:57:37,859 [INFO] [769/31708] 처리 중...
2026-06-19 01:01:01,557 [INFO] HTTP Request: POST http://localhost:1234/v1/chat/completions "HTTP/1.1 200 OK"
2026-06-19 01:01:01,562 [INFO] Error 추출 실패: Expecting value: line 1 column 1 (char 0)
2026-06-19 01:01:02,064 [INFO] [770/31708] 처리 중...
2026-06-19 01:01:37,184 [INFO] HTTP Request: POST http://localhost:1234/v1/chat/completions "HTTP/1.1 200 OK"
2026-06-19 01:01:37,690 [INFO] [771/31708] 처리 중...
2026-06-19 01:02:25,868 [INFO] HTTP Request: POST http://localhost:1234/v1/chat/completions "HTTP/1.1 200 OK"
2026-06-19 01:02:26,370 [INFO] [772/31708] 처리 중...
2026-06-19 01:03:03,251 [INFO] HTTP Request: POST http://localhost:1234/v1/chat/completions "HTTP/1.1 200 OK"
2026-06-19 01:03:03,757 [INFO] [773/31708] 처리 중...
2026-06-19 01:06:26,578 [INFO] HTTP Request: POST http://localhost:1234/v1/chat/completions "HTTP/1.1 200 OK"
2026-06-19 01:06:26,581 [INFO] Error 추출 실패: Expecting value: line 1 column 1 (char 0)
2026-06-19 01:06:27,083 [INFO] [774/31708] 처리 중...
2026-06-19 01:09:49,722 [INFO] HTTP Request: POST http://localhost:1234/v1/chat/completions "HTTP/1.1 200 OK"
2026-06-19 01:09:49,725 [INFO] Error 추출 실패: Expecting value: line 1 column 1 (char 0)
2026-06-19 01:09:50,227 [INFO] [775/31708] 처리 중...
2026-06-19 01:13:12,955 [INFO] HTTP Request: POST http://localhost:1234/v1/chat/completions "HTTP/1.1 200 OK"
2026-06-19 01:13:12,957 [INFO] Error 추출 실패: Expecting value: line 1 column 1 (char 0)
2026-06-19 01:13:13,459 [INFO] [776/31708] 처리 중...
2026-06-19 01:13:43,010 [INFO] HTTP Request: POST http://localhost:1234/v1/chat/completions "HTTP/1.1 200 OK"
2026-06-19 01:13:43,513 [INFO] [777/31708] 처리 중...
2026-06-19 01:14:26,022 [INFO] HTTP Request: POST http://localhost:1234/v1/chat/completions "HTTP/1.1 200 OK"
2026-06-19 01:14:26,527 [INFO] [778/31708] 처리 중...
2026-06-19 01:15:06,008 [INFO] HTTP Request: POST http://localhost:1234/v1/chat/completions "HTTP/1.1 200 OK"
2026-06-19 01:15:06,511 [INFO] [779/31708] 처리 중...
2026-06-19 01:15:37,429 [INFO] HTTP Request: POST http://localhost:1234/v1/chat/completions "HTTP/1.1 200 OK"
2026-06-19 01:15:37,935 [INFO] [780/31708] 처리 중...
2026-06-19 01:16:10,170 [INFO] HTTP Request: POST http://localhost:1234/v1/chat/completions "HTTP/1.1 200 OK"
2026-06-19 01:16:10,674 [INFO] [781/31708] 처리 중...
2026-06-19 01:16:36,214 [INFO] HTTP Request: POST http://localhost:1234/v1/chat/completions "HTTP/1.1 200 OK"
2026-06-19 01:16:36,717 [INFO] [782/31708] 처리 중...
2026-06-19 01:17:11,608 [INFO] HTTP Request: POST http://localhost:1234/v1/chat/completions "HTTP/1.1 200 OK"
2026-06-19 01:17:12,112 [INFO] [783/31708] 처리 중...
2026-06-19 01:17:43,874 [INFO] HTTP Request: POST http://localhost:1234/v1/chat/completions "HTTP/1.1 200 OK"
2026-06-19 01:17:44,377 [INFO] [784/31708] 처리 중...
2026-06-19 01:18:25,018 [INFO] HTTP Request: POST http://localhost:1234/v1/chat/completions "HTTP/1.1 200 OK"
2026-06-19 01:18:25,523 [INFO] [785/31708] 처리 중...
2026-06-19 01:21:48,813 [INFO] HTTP Request: POST http://localhost:1234/v1/chat/completions "HTTP/1.1 200 OK"
2026-06-19 01:21:48,815 [INFO] Error 추출 실패: Expecting value: line 1 column 1 (char 0)
2026-06-19 01:21:49,316 [INFO] [786/31708] 처리 중...
2026-06-19 01:22:14,478 [INFO] HTTP Request: POST http://localhost:1234/v1/chat/completions "HTTP/1.1 200 OK"
2026-06-19 01:22:14,981 [INFO] [787/31708] 처리 중...
2026-06-19 01:22:45,060 [INFO] HTTP Request: POST http://localhost:1234/v1/chat/completions "HTTP/1.1 200 OK"
2026-06-19 01:22:45,566 [INFO] [788/31708] 처리 중...
2026-06-19 01:23:12,853 [INFO] HTTP Request: POST http://localhost:1234/v1/chat/completions "HTTP/1.1 200 OK"
2026-06-19 01:23:13,354 [INFO] [789/31708] 처리 중...
2026-06-19 01:26:38,971 [INFO] HTTP Request: POST http://localhost:1234/v1/chat/completions "HTTP/1.1 200 OK"
2026-06-19 01:26:38,974 [INFO] Error 추출 실패: Expecting value: line 1 column 1 (char 0)
2026-06-19 01:26:39,476 [INFO] [790/31708] 처리 중...
2026-06-19 01:27:29,868 [INFO] HTTP Request: POST http://localhost:1234/v1/chat/completions "HTTP/1.1 200 OK"
2026-06-19 01:27:30,374 [INFO] [791/31708] 처리 중...
2026-06-19 01:30:55,655 [INFO] HTTP Request: POST http://localhost:1234/v1/chat/completions "HTTP/1.1 200 OK"
2026-06-19 01:30:55,658 [INFO] Error 추출 실패: Expecting value: line 1 column 1 (char 0)
2026-06-19 01:30:56,161 [INFO] [792/31708] 처리 중...
2026-06-19 01:31:21,107 [INFO] HTTP Request: POST http://localhost:1234/v1/chat/completions "HTTP/1.1 200 OK"
2026-06-19 01:31:21,611 [INFO] [793/31708] 처리 중...
2026-06-19 01:34:45,196 [INFO] HTTP Request: POST http://localhost:1234/v1/chat/completions "HTTP/1.1 200 OK"
2026-06-19 01:34:45,199 [INFO] Error 추출 실패: Expecting value: line 1 column 1 (char 0)
2026-06-19 01:34:45,701 [INFO] [794/31708] 처리 중...
2026-06-19 01:35:27,544 [INFO] HTTP Request: POST http://localhost:1234/v1/chat/completions "HTTP/1.1 200 OK"
2026-06-19 01:35:28,050 [INFO] [795/31708] 처리 중...
2026-06-19 01:35:58,147 [INFO] HTTP Request: POST http://localhost:1234/v1/chat/completions "HTTP/1.1 200 OK"
2026-06-19 01:35:58,649 [INFO] [796/31708] 처리 중...
2026-06-19 01:36:16,871 [INFO] HTTP Request: POST http://localhost:1234/v1/chat/completions "HTTP/1.1 200 OK"
2026-06-19 01:36:17,374 [INFO] [797/31708] 처리 중...
2026-06-19 01:36:43,391 [INFO] HTTP Request: POST http://localhost:1234/v1/chat/completions "HTTP/1.1 200 OK"
2026-06-19 01:36:43,896 [INFO] [798/31708] 처리 중...
2026-06-19 01:37:46,891 [INFO] HTTP Request: POST http://localhost:1234/v1/chat/completions "HTTP/1.1 200 OK"
2026-06-19 01:37:47,394 [INFO] [799/31708] 처리 중...
2026-06-19 01:38:24,467 [INFO] HTTP Request: POST http://localhost:1234/v1/chat/completions "HTTP/1.1 200 OK"
2026-06-19 01:38:24,973 [INFO] [800/31708] 처리 중...
2026-06-19 01:38:56,529 [INFO] HTTP Request: POST http://localhost:1234/v1/chat/completions "HTTP/1.1 200 OK"
2026-06-19 01:38:56,553 [INFO] 💾 [800/31708] 데이터 중간 저장 완료!
2026-06-19 01:38:57,055 [INFO] [801/31708] 처리 중...
2026-06-19 01:39:41,872 [INFO] HTTP Request: POST http://localhost:1234/v1/chat/completions "HTTP/1.1 200 OK"
2026-06-19 01:39:42,377 [INFO] [802/31708] 처리 중...
2026-06-19 01:40:54,423 [INFO] HTTP Request: POST http://localhost:1234/v1/chat/completions "HTTP/1.1 200 OK"
2026-06-19 01:40:54,928 [INFO] [803/31708] 처리 중...
2026-06-19 01:41:25,158 [INFO] HTTP Request: POST http://localhost:1234/v1/chat/completions "HTTP/1.1 200 OK"
2026-06-19 01:41:25,664 [INFO] [804/31708] 처리 중...
2026-06-19 01:41:51,638 [INFO] HTTP Request: POST http://localhost:1234/v1/chat/completions "HTTP/1.1 200 OK"
2026-06-19 01:41:52,140 [INFO] [805/31708] 처리 중...
2026-06-19 01:42:30,744 [INFO] HTTP Request: POST http://localhost:1234/v1/chat/completions "HTTP/1.1 200 OK"
2026-06-19 01:42:31,250 [INFO] [806/31708] 처리 중...
2026-06-19 01:42:59,485 [INFO] HTTP Request: POST http://localhost:1234/v1/chat/completions "HTTP/1.1 200 OK"
2026-06-19 01:42:59,489 [INFO] Error 추출 실패: Expecting value: line 1 column 1 (char 0)
2026-06-19 01:42:59,990 [INFO] [807/31708] 처리 중...
2026-06-19 01:46:24,370 [INFO] HTTP Request: POST http://localhost:1234/v1/chat/completions "HTTP/1.1 200 OK"
2026-06-19 01:46:24,372 [INFO] Error 추출 실패: Expecting value: line 1 column 1 (char 0)
2026-06-19 01:46:24,873 [INFO] [808/31708] 처리 중...
2026-06-19 01:46:59,238 [INFO] HTTP Request: POST http://localhost:1234/v1/chat/completions "HTTP/1.1 200 OK"
2026-06-19 01:46:59,743 [INFO] [809/31708] 처리 중...
2026-06-19 01:47:41,295 [INFO] HTTP Request: POST http://localhost:1234/v1/chat/completions "HTTP/1.1 200 OK"
2026-06-19 01:47:41,799 [INFO] [810/31708] 처리 중...
2026-06-19 01:48:01,393 [INFO] HTTP Request: POST http://localhost:1234/v1/chat/completions "HTTP/1.1 200 OK"
2026-06-19 01:48:01,896 [INFO] [811/31708] 처리 중...
2026-06-19 01:48:35,766 [INFO] HTTP Request: POST http://localhost:1234/v1/chat/completions "HTTP/1.1 200 OK"
2026-06-19 01:48:36,271 [INFO] [812/31708] 처리 중...
2026-06-19 01:49:20,527 [INFO] HTTP Request: POST http://localhost:1234/v1/chat/completions "HTTP/1.1 200 OK"
2026-06-19 01:49:21,032 [INFO] [813/31708] 처리 중...
2026-06-19 01:52:44,421 [INFO] HTTP Request: POST http://localhost:1234/v1/chat/completions "HTTP/1.1 200 OK"
2026-06-19 01:52:44,424 [INFO] Error 추출 실패: Expecting value: line 1 column 1 (char 0)
2026-06-19 01:52:44,926 [INFO] [814/31708] 처리 중...
2026-06-19 01:53:28,098 [INFO] HTTP Request: POST http://localhost:1234/v1/chat/completions "HTTP/1.1 200 OK"
2026-06-19 01:53:28,600 [INFO] [815/31708] 처리 중...
2026-06-19 01:54:00,799 [INFO] HTTP Request: POST http://localhost:1234/v1/chat/completions "HTTP/1.1 200 OK"
2026-06-19 01:54:01,301 [INFO] [816/31708] 처리 중...
2026-06-19 01:54:30,901 [INFO] HTTP Request: POST http://localhost:1234/v1/chat/completions "HTTP/1.1 200 OK"
2026-06-19 01:54:31,405 [INFO] [817/31708] 처리 중...
2026-06-19 01:55:27,474 [INFO] HTTP Request: POST http://localhost:1234/v1/chat/completions "HTTP/1.1 200 OK"
2026-06-19 01:55:27,979 [INFO] [818/31708] 처리 중...
2026-06-19 01:56:08,581 [INFO] HTTP Request: POST http://localhost:1234/v1/chat/completions "HTTP/1.1 200 OK"
2026-06-19 01:56:09,087 [INFO] [819/31708] 처리 중...
2026-06-19 01:56:49,276 [INFO] HTTP Request: POST http://localhost:1234/v1/chat/completions "HTTP/1.1 200 OK"
2026-06-19 01:56:49,779 [INFO] [820/31708] 처리 중...
2026-06-19 01:57:33,293 [INFO] HTTP Request: POST http://localhost:1234/v1/chat/completions "HTTP/1.1 200 OK"
2026-06-19 01:57:33,799 [INFO] [821/31708] 처리 중...
2026-06-19 01:58:05,542 [INFO] HTTP Request: POST http://localhost:1234/v1/chat/completions "HTTP/1.1 200 OK"
2026-06-19 01:58:06,047 [INFO] [822/31708] 처리 중...
2026-06-19 01:58:51,483 [INFO] HTTP Request: POST http://localhost:1234/v1/chat/completions "HTTP/1.1 200 OK"
2026-06-19 01:58:51,988 [INFO] [823/31708] 처리 중...
2026-06-19 01:59:14,802 [INFO] HTTP Request: POST http://localhost:1234/v1/chat/completions "HTTP/1.1 200 OK"
2026-06-19 01:59:15,308 [INFO] [824/31708] 처리 중...
2026-06-19 01:59:46,551 [INFO] HTTP Request: POST http://localhost:1234/v1/chat/completions "HTTP/1.1 200 OK"
2026-06-19 01:59:47,055 [INFO] [825/31708] 처리 중...
2026-06-19 02:00:24,891 [INFO] HTTP Request: POST http://localhost:1234/v1/chat/completions "HTTP/1.1 200 OK"
2026-06-19 02:00:25,395 [INFO] [826/31708] 처리 중...
2026-06-19 02:01:08,745 [INFO] HTTP Request: POST http://localhost:1234/v1/chat/completions "HTTP/1.1 200 OK"
2026-06-19 02:01:09,251 [INFO] [827/31708] 처리 중...
2026-06-19 02:01:37,908 [INFO] HTTP Request: POST http://localhost:1234/v1/chat/completions "HTTP/1.1 200 OK"
2026-06-19 02:01:38,412 [INFO] [828/31708] 처리 중...
2026-06-19 02:02:32,413 [INFO] HTTP Request: POST http://localhost:1234/v1/chat/completions "HTTP/1.1 200 OK"
2026-06-19 02:02:32,918 [INFO] [829/31708] 처리 중...
2026-06-19 02:02:56,452 [INFO] HTTP Request: POST http://localhost:1234/v1/chat/completions "HTTP/1.1 200 OK"
2026-06-19 02:02:56,957 [INFO] [830/31708] 처리 중...
2026-06-19 02:03:36,478 [INFO] HTTP Request: POST http://localhost:1234/v1/chat/completions "HTTP/1.1 200 OK"
2026-06-19 02:03:36,983 [INFO] [831/31708] 처리 중...
2026-06-19 02:07:00,196 [INFO] HTTP Request: POST http://localhost:1234/v1/chat/completions "HTTP/1.1 200 OK"
2026-06-19 02:07:00,200 [INFO] Error 추출 실패: Expecting value: line 1 column 1 (char 0)
2026-06-19 02:07:00,702 [INFO] [832/31708] 처리 중...
2026-06-19 02:10:23,899 [INFO] HTTP Request: POST http://localhost:1234/v1/chat/completions "HTTP/1.1 200 OK"
2026-06-19 02:10:23,900 [INFO] Error 추출 실패: Expecting value: line 1 column 1 (char 0)
2026-06-19 02:10:24,401 [INFO] [833/31708] 처리 중...
2026-06-19 02:10:53,278 [INFO] HTTP Request: POST http://localhost:1234/v1/chat/completions "HTTP/1.1 200 OK"
2026-06-19 02:10:53,780 [INFO] [834/31708] 처리 중...
2026-06-19 02:11:49,317 [INFO] HTTP Request: POST http://localhost:1234/v1/chat/completions "HTTP/1.1 200 OK"
2026-06-19 02:11:49,823 [INFO] [835/31708] 처리 중...
2026-06-19 02:12:41,298 [INFO] HTTP Request: POST http://localhost:1234/v1/chat/completions "HTTP/1.1 200 OK"
2026-06-19 02:12:41,804 [INFO] [836/31708] 처리 중...
2026-06-19 02:13:10,474 [INFO] HTTP Request: POST http://localhost:1234/v1/chat/completions "HTTP/1.1 200 OK"
2026-06-19 02:13:10,979 [INFO] [837/31708] 처리 중...
2026-06-19 02:13:42,885 [INFO] HTTP Request: POST http://localhost:1234/v1/chat/completions "HTTP/1.1 200 OK"
2026-06-19 02:13:43,390 [INFO] [838/31708] 처리 중...
2026-06-19 02:14:23,057 [INFO] HTTP Request: POST http://localhost:1234/v1/chat/completions "HTTP/1.1 200 OK"
2026-06-19 02:14:23,562 [INFO] [839/31708] 처리 중...
2026-06-19 02:16:26,603 [INFO] HTTP Request: POST http://localhost:1234/v1/chat/completions "HTTP/1.1 200 OK"
2026-06-19 02:16:27,108 [INFO] [840/31708] 처리 중...
2026-06-19 02:17:11,260 [INFO] HTTP Request: POST http://localhost:1234/v1/chat/completions "HTTP/1.1 200 OK"
2026-06-19 02:17:11,765 [INFO] [841/31708] 처리 중...
2026-06-19 02:17:42,011 [INFO] HTTP Request: POST http://localhost:1234/v1/chat/completions "HTTP/1.1 200 OK"
2026-06-19 02:17:42,515 [INFO] [842/31708] 처리 중...
2026-06-19 02:18:35,247 [INFO] HTTP Request: POST http://localhost:1234/v1/chat/completions "HTTP/1.1 200 OK"
2026-06-19 02:18:35,749 [INFO] [843/31708] 처리 중...
2026-06-19 02:19:01,941 [INFO] HTTP Request: POST http://localhost:1234/v1/chat/completions "HTTP/1.1 200 OK"
2026-06-19 02:19:02,446 [INFO] [844/31708] 처리 중...
2026-06-19 02:19:34,306 [INFO] HTTP Request: POST http://localhost:1234/v1/chat/completions "HTTP/1.1 200 OK"
2026-06-19 02:19:34,810 [INFO] [845/31708] 처리 중...
2026-06-19 02:20:14,540 [INFO] HTTP Request: POST http://localhost:1234/v1/chat/completions "HTTP/1.1 200 OK"
2026-06-19 02:20:15,044 [INFO] [846/31708] 처리 중...
2026-06-19 02:23:38,567 [INFO] HTTP Request: POST http://localhost:1234/v1/chat/completions "HTTP/1.1 200 OK"
2026-06-19 02:23:38,569 [INFO] Error 추출 실패: Expecting value: line 1 column 1 (char 0)
2026-06-19 02:23:39,071 [INFO] [847/31708] 처리 중...
2026-06-19 02:24:19,995 [INFO] HTTP Request: POST http://localhost:1234/v1/chat/completions "HTTP/1.1 200 OK"
2026-06-19 02:24:20,500 [INFO] [848/31708] 처리 중...
2026-06-19 02:24:51,134 [INFO] HTTP Request: POST http://localhost:1234/v1/chat/completions "HTTP/1.1 200 OK"
2026-06-19 02:24:51,639 [INFO] [849/31708] 처리 중...
2026-06-19 02:25:30,350 [INFO] HTTP Request: POST http://localhost:1234/v1/chat/completions "HTTP/1.1 200 OK"
2026-06-19 02:25:30,854 [INFO] [850/31708] 처리 중...
2026-06-19 02:25:57,701 [INFO] HTTP Request: POST http://localhost:1234/v1/chat/completions "HTTP/1.1 200 OK"
2026-06-19 02:25:57,721 [INFO] 💾 [850/31708] 데이터 중간 저장 완료!
2026-06-19 02:25:58,223 [INFO] [851/31708] 처리 중...
2026-06-19 02:26:30,063 [INFO] HTTP Request: POST http://localhost:1234/v1/chat/completions "HTTP/1.1 200 OK"
2026-06-19 02:26:30,568 [INFO] [852/31708] 처리 중...
2026-06-19 02:27:06,469 [INFO] HTTP Request: POST http://localhost:1234/v1/chat/completions "HTTP/1.1 200 OK"
2026-06-19 02:27:06,973 [INFO] [853/31708] 처리 중...
2026-06-19 02:27:34,862 [INFO] HTTP Request: POST http://localhost:1234/v1/chat/completions "HTTP/1.1 200 OK"
2026-06-19 02:27:35,367 [INFO] [854/31708] 처리 중...
2026-06-19 02:28:15,451 [INFO] HTTP Request: POST http://localhost:1234/v1/chat/completions "HTTP/1.1 200 OK"
2026-06-19 02:28:15,957 [INFO] [855/31708] 처리 중...
2026-06-19 02:28:47,540 [INFO] HTTP Request: POST http://localhost:1234/v1/chat/completions "HTTP/1.1 200 OK"
2026-06-19 02:28:48,045 [INFO] [856/31708] 처리 중...
2026-06-19 02:29:09,533 [INFO] HTTP Request: POST http://localhost:1234/v1/chat/completions "HTTP/1.1 200 OK"
2026-06-19 02:29:10,039 [INFO] [857/31708] 처리 중...
2026-06-19 02:29:50,639 [INFO] HTTP Request: POST http://localhost:1234/v1/chat/completions "HTTP/1.1 200 OK"
2026-06-19 02:29:51,144 [INFO] [858/31708] 처리 중...
2026-06-19 02:30:30,258 [INFO] HTTP Request: POST http://localhost:1234/v1/chat/completions "HTTP/1.1 200 OK"
2026-06-19 02:30:30,761 [INFO] [859/31708] 처리 중...
2026-06-19 02:30:59,839 [INFO] HTTP Request: POST http://localhost:1234/v1/chat/completions "HTTP/1.1 200 OK"
2026-06-19 02:31:00,344 [INFO] [860/31708] 처리 중...
2026-06-19 02:31:34,970 [INFO] HTTP Request: POST http://localhost:1234/v1/chat/completions "HTTP/1.1 200 OK"
2026-06-19 02:31:35,473 [INFO] [861/31708] 처리 중...
2026-06-19 02:32:22,523 [INFO] HTTP Request: POST http://localhost:1234/v1/chat/completions "HTTP/1.1 200 OK"
2026-06-19 02:32:23,028 [INFO] [862/31708] 처리 중...
2026-06-19 02:33:51,499 [INFO] HTTP Request: POST http://localhost:1234/v1/chat/completions "HTTP/1.1 200 OK"
2026-06-19 02:33:52,001 [INFO] [863/31708] 처리 중...
2026-06-19 02:34:35,970 [INFO] HTTP Request: POST http://localhost:1234/v1/chat/completions "HTTP/1.1 200 OK"
2026-06-19 02:34:36,476 [INFO] [864/31708] 처리 중...
2026-06-19 02:35:13,146 [INFO] HTTP Request: POST http://localhost:1234/v1/chat/completions "HTTP/1.1 200 OK"
2026-06-19 02:35:13,651 [INFO] [865/31708] 처리 중...
2026-06-19 02:35:54,580 [INFO] HTTP Request: POST http://localhost:1234/v1/chat/completions "HTTP/1.1 200 OK"
2026-06-19 02:35:55,083 [INFO] [866/31708] 처리 중...
2026-06-19 02:36:33,189 [INFO] HTTP Request: POST http://localhost:1234/v1/chat/completions "HTTP/1.1 200 OK"
2026-06-19 02:36:33,695 [INFO] [867/31708] 처리 중...
2026-06-19 02:37:04,988 [INFO] HTTP Request: POST http://localhost:1234/v1/chat/completions "HTTP/1.1 200 OK"
2026-06-19 02:37:05,492 [INFO] [868/31708] 처리 중...
2026-06-19 02:37:20,297 [INFO] HTTP Request: POST http://localhost:1234/v1/chat/completions "HTTP/1.1 200 OK"
2026-06-19 02:37:20,801 [INFO] [869/31708] 처리 중...
2026-06-19 02:37:49,444 [INFO] HTTP Request: POST http://localhost:1234/v1/chat/completions "HTTP/1.1 200 OK"
2026-06-19 02:37:49,947 [INFO] [870/31708] 처리 중...
2026-06-19 02:38:13,602 [INFO] HTTP Request: POST http://localhost:1234/v1/chat/completions "HTTP/1.1 200 OK"
2026-06-19 02:38:14,108 [INFO] [871/31708] 처리 중...
2026-06-19 02:38:42,909 [INFO] HTTP Request: POST http://localhost:1234/v1/chat/completions "HTTP/1.1 200 OK"
2026-06-19 02:38:43,412 [INFO] [872/31708] 처리 중...
2026-06-19 02:39:29,022 [INFO] HTTP Request: POST http://localhost:1234/v1/chat/completions "HTTP/1.1 200 OK"
2026-06-19 02:39:29,524 [INFO] [873/31708] 처리 중...
2026-06-19 02:39:51,021 [INFO] HTTP Request: POST http://localhost:1234/v1/chat/completions "HTTP/1.1 200 OK"
2026-06-19 02:39:51,526 [INFO] [874/31708] 처리 중...
2026-06-19 02:40:18,384 [INFO] HTTP Request: POST http://localhost:1234/v1/chat/completions "HTTP/1.1 200 OK"
2026-06-19 02:40:18,890 [INFO] [875/31708] 처리 중...
2026-06-19 02:41:02,743 [INFO] HTTP Request: POST http://localhost:1234/v1/chat/completions "HTTP/1.1 200 OK"
2026-06-19 02:41:03,249 [INFO] [876/31708] 처리 중...
2026-06-19 02:41:43,730 [INFO] HTTP Request: POST http://localhost:1234/v1/chat/completions "HTTP/1.1 200 OK"
2026-06-19 02:41:44,234 [INFO] [877/31708] 처리 중...
2026-06-19 02:42:57,337 [INFO] HTTP Request: POST http://localhost:1234/v1/chat/completions "HTTP/1.1 200 OK"
2026-06-19 02:42:57,842 [INFO] [878/31708] 처리 중...
2026-06-19 02:43:33,994 [INFO] HTTP Request: POST http://localhost:1234/v1/chat/completions "HTTP/1.1 200 OK"
2026-06-19 02:43:34,497 [INFO] [879/31708] 처리 중...
2026-06-19 02:43:58,592 [INFO] HTTP Request: POST http://localhost:1234/v1/chat/completions "HTTP/1.1 200 OK"
2026-06-19 02:43:59,096 [INFO] [880/31708] 처리 중...
2026-06-19 02:44:36,193 [INFO] HTTP Request: POST http://localhost:1234/v1/chat/completions "HTTP/1.1 200 OK"
2026-06-19 02:44:36,696 [INFO] [881/31708] 처리 중...
2026-06-19 02:45:06,320 [INFO] HTTP Request: POST http://localhost:1234/v1/chat/completions "HTTP/1.1 200 OK"
2026-06-19 02:45:06,824 [INFO] [882/31708] 처리 중...
2026-06-19 02:45:45,846 [INFO] HTTP Request: POST http://localhost:1234/v1/chat/completions "HTTP/1.1 200 OK"
2026-06-19 02:45:46,352 [INFO] [883/31708] 처리 중...
2026-06-19 02:46:31,768 [INFO] HTTP Request: POST http://localhost:1234/v1/chat/completions "HTTP/1.1 200 OK"
2026-06-19 02:46:32,273 [INFO] [884/31708] 처리 중...
2026-06-19 02:47:25,959 [INFO] HTTP Request: POST http://localhost:1234/v1/chat/completions "HTTP/1.1 200 OK"
2026-06-19 02:47:26,464 [INFO] [885/31708] 처리 중...
2026-06-19 02:48:12,751 [INFO] HTTP Request: POST http://localhost:1234/v1/chat/completions "HTTP/1.1 200 OK"
2026-06-19 02:48:13,254 [INFO] [886/31708] 처리 중...
2026-06-19 02:48:57,997 [INFO] HTTP Request: POST http://localhost:1234/v1/chat/completions "HTTP/1.1 200 OK"
2026-06-19 02:48:58,503 [INFO] [887/31708] 처리 중...
2026-06-19 02:49:58,994 [INFO] HTTP Request: POST http://localhost:1234/v1/chat/completions "HTTP/1.1 200 OK"
2026-06-19 02:49:59,496 [INFO] [888/31708] 처리 중...
2026-06-19 02:50:37,476 [INFO] HTTP Request: POST http://localhost:1234/v1/chat/completions "HTTP/1.1 200 OK"
2026-06-19 02:50:37,980 [INFO] [889/31708] 처리 중...
2026-06-19 02:51:47,803 [INFO] HTTP Request: POST http://localhost:1234/v1/chat/completions "HTTP/1.1 200 OK"
2026-06-19 02:51:48,311 [INFO] [890/31708] 처리 중...
2026-06-19 02:52:20,243 [INFO] HTTP Request: POST http://localhost:1234/v1/chat/completions "HTTP/1.1 200 OK"
2026-06-19 02:52:20,749 [INFO] [891/31708] 처리 중...
2026-06-19 02:52:55,989 [INFO] HTTP Request: POST http://localhost:1234/v1/chat/completions "HTTP/1.1 200 OK"
2026-06-19 02:52:56,492 [INFO] [892/31708] 처리 중...
2026-06-19 02:53:34,830 [INFO] HTTP Request: POST http://localhost:1234/v1/chat/completions "HTTP/1.1 200 OK"
2026-06-19 02:53:35,335 [INFO] [893/31708] 처리 중...
2026-06-19 02:54:15,241 [INFO] HTTP Request: POST http://localhost:1234/v1/chat/completions "HTTP/1.1 200 OK"
2026-06-19 02:54:15,743 [INFO] [894/31708] 처리 중...
2026-06-19 02:54:50,867 [INFO] HTTP Request: POST http://localhost:1234/v1/chat/completions "HTTP/1.1 200 OK"
2026-06-19 02:54:51,372 [INFO] [895/31708] 처리 중...
2026-06-19 02:55:25,365 [INFO] HTTP Request: POST http://localhost:1234/v1/chat/completions "HTTP/1.1 200 OK"
2026-06-19 02:55:25,870 [INFO] [896/31708] 처리 중...
2026-06-19 02:55:54,725 [INFO] HTTP Request: POST http://localhost:1234/v1/chat/completions "HTTP/1.1 200 OK"
2026-06-19 02:55:55,230 [INFO] [897/31708] 처리 중...
2026-06-19 02:56:51,677 [INFO] HTTP Request: POST http://localhost:1234/v1/chat/completions "HTTP/1.1 200 OK"
2026-06-19 02:56:52,180 [INFO] [898/31708] 처리 중...
2026-06-19 02:57:24,197 [INFO] HTTP Request: POST http://localhost:1234/v1/chat/completions "HTTP/1.1 200 OK"
2026-06-19 02:57:24,702 [INFO] [899/31708] 처리 중...
2026-06-19 02:57:57,771 [INFO] HTTP Request: POST http://localhost:1234/v1/chat/completions "HTTP/1.1 200 OK"
2026-06-19 02:57:58,276 [INFO] [900/31708] 처리 중...
2026-06-19 02:58:25,272 [INFO] HTTP Request: POST http://localhost:1234/v1/chat/completions "HTTP/1.1 200 OK"
2026-06-19 02:58:25,296 [INFO] 💾 [900/31708] 데이터 중간 저장 완료!
2026-06-19 02:58:25,798 [INFO] [901/31708] 처리 중...
2026-06-19 02:59:02,417 [INFO] HTTP Request: POST http://localhost:1234/v1/chat/completions "HTTP/1.1 200 OK"
2026-06-19 02:59:02,924 [INFO] [902/31708] 처리 중...
2026-06-19 02:59:37,336 [INFO] HTTP Request: POST http://localhost:1234/v1/chat/completions "HTTP/1.1 200 OK"
2026-06-19 02:59:37,841 [INFO] [903/31708] 처리 중...
2026-06-19 03:00:06,648 [INFO] HTTP Request: POST http://localhost:1234/v1/chat/completions "HTTP/1.1 200 OK"
2026-06-19 03:00:07,153 [INFO] [904/31708] 처리 중...
2026-06-19 03:00:50,237 [INFO] HTTP Request: POST http://localhost:1234/v1/chat/completions "HTTP/1.1 200 OK"
2026-06-19 03:00:50,742 [INFO] [905/31708] 처리 중...
2026-06-19 03:01:21,151 [INFO] HTTP Request: POST http://localhost:1234/v1/chat/completions "HTTP/1.1 200 OK"
2026-06-19 03:01:21,657 [INFO] [906/31708] 처리 중...
2026-06-19 03:02:05,601 [INFO] HTTP Request: POST http://localhost:1234/v1/chat/completions "HTTP/1.1 200 OK"
2026-06-19 03:02:06,105 [INFO] [907/31708] 처리 중...
2026-06-19 03:02:50,323 [INFO] HTTP Request: POST http://localhost:1234/v1/chat/completions "HTTP/1.1 200 OK"
2026-06-19 03:02:50,827 [INFO] [908/31708] 처리 중...
2026-06-19 03:03:24,983 [INFO] HTTP Request: POST http://localhost:1234/v1/chat/completions "HTTP/1.1 200 OK"
2026-06-19 03:03:25,486 [INFO] [909/31708] 처리 중...
2026-06-19 03:04:09,640 [INFO] HTTP Request: POST http://localhost:1234/v1/chat/completions "HTTP/1.1 200 OK"
2026-06-19 03:04:10,146 [INFO] [910/31708] 처리 중...
2026-06-19 03:04:23,193 [INFO] HTTP Request: POST http://localhost:1234/v1/chat/completions "HTTP/1.1 200 OK"
2026-06-19 03:04:23,699 [INFO] [911/31708] 처리 중...
2026-06-19 03:04:53,448 [INFO] HTTP Request: POST http://localhost:1234/v1/chat/completions "HTTP/1.1 200 OK"
2026-06-19 03:04:53,953 [INFO] [912/31708] 처리 중...
2026-06-19 03:05:27,493 [INFO] HTTP Request: POST http://localhost:1234/v1/chat/completions "HTTP/1.1 200 OK"
2026-06-19 03:05:27,997 [INFO] [913/31708] 처리 중...
2026-06-19 03:06:02,888 [INFO] HTTP Request: POST http://localhost:1234/v1/chat/completions "HTTP/1.1 200 OK"
2026-06-19 03:06:03,393 [INFO] [914/31708] 처리 중...
2026-06-19 03:06:25,904 [INFO] HTTP Request: POST http://localhost:1234/v1/chat/completions "HTTP/1.1 200 OK"
2026-06-19 03:06:26,409 [INFO] [915/31708] 처리 중...
2026-06-19 03:07:03,278 [INFO] HTTP Request: POST http://localhost:1234/v1/chat/completions "HTTP/1.1 200 OK"
2026-06-19 03:07:03,784 [INFO] [916/31708] 처리 중...
2026-06-19 03:07:40,840 [INFO] HTTP Request: POST http://localhost:1234/v1/chat/completions "HTTP/1.1 200 OK"
2026-06-19 03:07:41,345 [INFO] [917/31708] 처리 중...
2026-06-19 03:08:06,498 [INFO] HTTP Request: POST http://localhost:1234/v1/chat/completions "HTTP/1.1 200 OK"
2026-06-19 03:08:07,003 [INFO] [918/31708] 처리 중...
2026-06-19 03:09:01,704 [INFO] HTTP Request: POST http://localhost:1234/v1/chat/completions "HTTP/1.1 200 OK"
2026-06-19 03:09:02,208 [INFO] [919/31708] 처리 중...
2026-06-19 03:09:34,089 [INFO] HTTP Request: POST http://localhost:1234/v1/chat/completions "HTTP/1.1 200 OK"
2026-06-19 03:09:34,594 [INFO] [920/31708] 처리 중...
2026-06-19 03:09:59,074 [INFO] HTTP Request: POST http://localhost:1234/v1/chat/completions "HTTP/1.1 200 OK"
2026-06-19 03:09:59,580 [INFO] [921/31708] 처리 중...
2026-06-19 03:11:03,277 [INFO] HTTP Request: POST http://localhost:1234/v1/chat/completions "HTTP/1.1 200 OK"
2026-06-19 03:11:03,783 [INFO] [922/31708] 처리 중...
2026-06-19 03:11:40,899 [INFO] HTTP Request: POST http://localhost:1234/v1/chat/completions "HTTP/1.1 200 OK"
2026-06-19 03:11:41,405 [INFO] [923/31708] 처리 중...
2026-06-19 03:12:20,684 [INFO] HTTP Request: POST http://localhost:1234/v1/chat/completions "HTTP/1.1 200 OK"
2026-06-19 03:12:21,190 [INFO] [924/31708] 처리 중...
2026-06-19 03:12:50,483 [INFO] HTTP Request: POST http://localhost:1234/v1/chat/completions "HTTP/1.1 200 OK"
2026-06-19 03:12:50,988 [INFO] [925/31708] 처리 중...
2026-06-19 03:13:22,674 [INFO] HTTP Request: POST http://localhost:1234/v1/chat/completions "HTTP/1.1 200 OK"
2026-06-19 03:13:23,175 [INFO] [926/31708] 처리 중...
2026-06-19 03:13:53,474 [INFO] HTTP Request: POST http://localhost:1234/v1/chat/completions "HTTP/1.1 200 OK"
2026-06-19 03:13:53,977 [INFO] [927/31708] 처리 중...
2026-06-19 03:14:22,660 [INFO] HTTP Request: POST http://localhost:1234/v1/chat/completions "HTTP/1.1 200 OK"
2026-06-19 03:14:23,163 [INFO] [928/31708] 처리 중...
2026-06-19 03:14:52,057 [INFO] HTTP Request: POST http://localhost:1234/v1/chat/completions "HTTP/1.1 200 OK"
2026-06-19 03:14:52,560 [INFO] [929/31708] 처리 중...
2026-06-19 03:15:14,083 [INFO] HTTP Request: POST http://localhost:1234/v1/chat/completions "HTTP/1.1 200 OK"
2026-06-19 03:15:14,587 [INFO] [930/31708] 처리 중...
2026-06-19 03:15:49,230 [INFO] HTTP Request: POST http://localhost:1234/v1/chat/completions "HTTP/1.1 200 OK"
2026-06-19 03:15:49,734 [INFO] [931/31708] 처리 중...
2026-06-19 03:16:19,839 [INFO] HTTP Request: POST http://localhost:1234/v1/chat/completions "HTTP/1.1 200 OK"
2026-06-19 03:16:20,342 [INFO] [932/31708] 처리 중...
2026-06-19 03:19:43,625 [INFO] HTTP Request: POST http://localhost:1234/v1/chat/completions "HTTP/1.1 200 OK"
2026-06-19 03:19:43,628 [INFO] Error 추출 실패: Expecting value: line 1 column 1 (char 0)
2026-06-19 03:19:44,130 [INFO] [933/31708] 처리 중...
2026-06-19 03:20:16,892 [INFO] HTTP Request: POST http://localhost:1234/v1/chat/completions "HTTP/1.1 200 OK"
2026-06-19 03:20:17,396 [INFO] [934/31708] 처리 중...
2026-06-19 03:20:47,888 [INFO] HTTP Request: POST http://localhost:1234/v1/chat/completions "HTTP/1.1 200 OK"
2026-06-19 03:20:48,392 [INFO] [935/31708] 처리 중...
2026-06-19 03:21:12,823 [INFO] HTTP Request: POST http://localhost:1234/v1/chat/completions "HTTP/1.1 200 OK"
2026-06-19 03:21:13,325 [INFO] [936/31708] 처리 중...
2026-06-19 03:21:50,510 [INFO] HTTP Request: POST http://localhost:1234/v1/chat/completions "HTTP/1.1 200 OK"
2026-06-19 03:21:51,015 [INFO] [937/31708] 처리 중...
2026-06-19 03:22:30,228 [INFO] HTTP Request: POST http://localhost:1234/v1/chat/completions "HTTP/1.1 200 OK"
2026-06-19 03:22:30,733 [INFO] [938/31708] 처리 중...
2026-06-19 03:23:11,823 [INFO] HTTP Request: POST http://localhost:1234/v1/chat/completions "HTTP/1.1 200 OK"
2026-06-19 03:23:12,326 [INFO] [939/31708] 처리 중...
2026-06-19 03:23:49,073 [INFO] HTTP Request: POST http://localhost:1234/v1/chat/completions "HTTP/1.1 200 OK"
2026-06-19 03:23:49,578 [INFO] [940/31708] 처리 중...
2026-06-19 03:24:23,715 [INFO] HTTP Request: POST http://localhost:1234/v1/chat/completions "HTTP/1.1 200 OK"
2026-06-19 03:24:24,219 [INFO] [941/31708] 처리 중...
2026-06-19 03:25:15,589 [INFO] HTTP Request: POST http://localhost:1234/v1/chat/completions "HTTP/1.1 200 OK"
2026-06-19 03:25:16,095 [INFO] [942/31708] 처리 중...
2026-06-19 03:25:45,864 [INFO] HTTP Request: POST http://localhost:1234/v1/chat/completions "HTTP/1.1 200 OK"
2026-06-19 03:25:46,370 [INFO] [943/31708] 처리 중...
2026-06-19 03:26:06,381 [INFO] HTTP Request: POST http://localhost:1234/v1/chat/completions "HTTP/1.1 200 OK"
2026-06-19 03:26:06,884 [INFO] [944/31708] 처리 중...
2026-06-19 03:26:53,920 [INFO] HTTP Request: POST http://localhost:1234/v1/chat/completions "HTTP/1.1 200 OK"
2026-06-19 03:26:54,424 [INFO] [945/31708] 처리 중...
2026-06-19 03:27:55,102 [INFO] HTTP Request: POST http://localhost:1234/v1/chat/completions "HTTP/1.1 200 OK"
2026-06-19 03:27:55,606 [INFO] [946/31708] 처리 중...
2026-06-19 03:28:34,384 [INFO] HTTP Request: POST http://localhost:1234/v1/chat/completions "HTTP/1.1 200 OK"
2026-06-19 03:28:34,890 [INFO] [947/31708] 처리 중...
2026-06-19 03:29:20,007 [INFO] HTTP Request: POST http://localhost:1234/v1/chat/completions "HTTP/1.1 200 OK"
2026-06-19 03:29:20,511 [INFO] [948/31708] 처리 중...
2026-06-19 03:30:02,630 [INFO] HTTP Request: POST http://localhost:1234/v1/chat/completions "HTTP/1.1 200 OK"
2026-06-19 03:30:03,136 [INFO] [949/31708] 처리 중...
2026-06-19 03:30:42,195 [INFO] HTTP Request: POST http://localhost:1234/v1/chat/completions "HTTP/1.1 200 OK"
2026-06-19 03:30:42,701 [INFO] [950/31708] 처리 중...
2026-06-19 03:30:54,546 [INFO] HTTP Request: POST http://localhost:1234/v1/chat/completions "HTTP/1.1 200 OK"
2026-06-19 03:30:54,574 [INFO] 💾 [950/31708] 데이터 중간 저장 완료!
2026-06-19 03:30:55,079 [INFO] [951/31708] 처리 중...
2026-06-19 03:34:18,301 [INFO] HTTP Request: POST http://localhost:1234/v1/chat/completions "HTTP/1.1 200 OK"
2026-06-19 03:34:18,304 [INFO] Error 추출 실패: Expecting value: line 1 column 1 (char 0)
2026-06-19 03:34:18,806 [INFO] [952/31708] 처리 중...
2026-06-19 03:37:41,988 [INFO] HTTP Request: POST http://localhost:1234/v1/chat/completions "HTTP/1.1 200 OK"
2026-06-19 03:37:41,991 [INFO] Error 추출 실패: Expecting value: line 1 column 1 (char 0)
2026-06-19 03:37:42,494 [INFO] [953/31708] 처리 중...
2026-06-19 03:38:15,822 [INFO] HTTP Request: POST http://localhost:1234/v1/chat/completions "HTTP/1.1 200 OK"
2026-06-19 03:38:16,327 [INFO] [954/31708] 처리 중...
2026-06-19 03:38:52,740 [INFO] HTTP Request: POST http://localhost:1234/v1/chat/completions "HTTP/1.1 200 OK"
2026-06-19 03:38:53,243 [INFO] [955/31708] 처리 중...
2026-06-19 03:39:27,235 [INFO] HTTP Request: POST http://localhost:1234/v1/chat/completions "HTTP/1.1 200 OK"
2026-06-19 03:39:27,740 [INFO] [956/31708] 처리 중...
2026-06-19 03:40:02,631 [INFO] HTTP Request: POST http://localhost:1234/v1/chat/completions "HTTP/1.1 200 OK"
2026-06-19 03:40:03,137 [INFO] [957/31708] 처리 중...
2026-06-19 03:40:35,016 [INFO] HTTP Request: POST http://localhost:1234/v1/chat/completions "HTTP/1.1 200 OK"
2026-06-19 03:40:35,521 [INFO] [958/31708] 처리 중...
2026-06-19 03:41:03,220 [INFO] HTTP Request: POST http://localhost:1234/v1/chat/completions "HTTP/1.1 200 OK"
2026-06-19 03:41:03,725 [INFO] [959/31708] 처리 중...
2026-06-19 03:41:41,242 [INFO] HTTP Request: POST http://localhost:1234/v1/chat/completions "HTTP/1.1 200 OK"
2026-06-19 03:41:41,747 [INFO] [960/31708] 처리 중...
2026-06-19 03:42:12,550 [INFO] HTTP Request: POST http://localhost:1234/v1/chat/completions "HTTP/1.1 200 OK"
2026-06-19 03:42:13,056 [INFO] [961/31708] 처리 중...
2026-06-19 03:42:43,970 [INFO] HTTP Request: POST http://localhost:1234/v1/chat/completions "HTTP/1.1 200 OK"
2026-06-19 03:42:44,476 [INFO] [962/31708] 처리 중...
2026-06-19 03:43:22,523 [INFO] HTTP Request: POST http://localhost:1234/v1/chat/completions "HTTP/1.1 200 OK"
2026-06-19 03:43:23,027 [INFO] [963/31708] 처리 중...
2026-06-19 03:43:59,746 [INFO] HTTP Request: POST http://localhost:1234/v1/chat/completions "HTTP/1.1 200 OK"
2026-06-19 03:44:00,250 [INFO] [964/31708] 처리 중...
2026-06-19 03:44:33,569 [INFO] HTTP Request: POST http://localhost:1234/v1/chat/completions "HTTP/1.1 200 OK"
2026-06-19 03:44:34,072 [INFO] [965/31708] 처리 중...
2026-06-19 03:45:02,078 [INFO] HTTP Request: POST http://localhost:1234/v1/chat/completions "HTTP/1.1 200 OK"
2026-06-19 03:45:02,582 [INFO] [966/31708] 처리 중...
2026-06-19 03:45:29,314 [INFO] HTTP Request: POST http://localhost:1234/v1/chat/completions "HTTP/1.1 200 OK"
2026-06-19 03:45:29,819 [INFO] [967/31708] 처리 중...
2026-06-19 03:46:15,201 [INFO] HTTP Request: POST http://localhost:1234/v1/chat/completions "HTTP/1.1 200 OK"
2026-06-19 03:46:15,707 [INFO] [968/31708] 처리 중...
2026-06-19 03:46:44,997 [INFO] HTTP Request: POST http://localhost:1234/v1/chat/completions "HTTP/1.1 200 OK"
2026-06-19 03:46:45,502 [INFO] [969/31708] 처리 중...
2026-06-19 03:47:09,864 [INFO] HTTP Request: POST http://localhost:1234/v1/chat/completions "HTTP/1.1 200 OK"
2026-06-19 03:47:10,370 [INFO] [970/31708] 처리 중...
2026-06-19 03:47:55,699 [INFO] HTTP Request: POST http://localhost:1234/v1/chat/completions "HTTP/1.1 200 OK"
2026-06-19 03:47:56,205 [INFO] [971/31708] 처리 중...
2026-06-19 03:48:25,966 [INFO] HTTP Request: POST http://localhost:1234/v1/chat/completions "HTTP/1.1 200 OK"
2026-06-19 03:48:26,472 [INFO] [972/31708] 처리 중...
2026-06-19 03:48:47,666 [INFO] HTTP Request: POST http://localhost:1234/v1/chat/completions "HTTP/1.1 200 OK"
2026-06-19 03:48:48,171 [INFO] [973/31708] 처리 중...
2026-06-19 03:49:19,888 [INFO] HTTP Request: POST http://localhost:1234/v1/chat/completions "HTTP/1.1 200 OK"
2026-06-19 03:49:20,394 [INFO] [974/31708] 처리 중...
2026-06-19 03:49:55,241 [INFO] HTTP Request: POST http://localhost:1234/v1/chat/completions "HTTP/1.1 200 OK"
2026-06-19 03:49:55,746 [INFO] [975/31708] 처리 중...
2026-06-19 03:50:49,507 [INFO] HTTP Request: POST http://localhost:1234/v1/chat/completions "HTTP/1.1 200 OK"
2026-06-19 03:50:50,011 [INFO] [976/31708] 처리 중...
2026-06-19 03:51:17,424 [INFO] HTTP Request: POST http://localhost:1234/v1/chat/completions "HTTP/1.1 200 OK"
2026-06-19 03:51:17,929 [INFO] [977/31708] 처리 중...
2026-06-19 03:51:46,059 [INFO] HTTP Request: POST http://localhost:1234/v1/chat/completions "HTTP/1.1 200 OK"
2026-06-19 03:51:46,564 [INFO] [978/31708] 처리 중...
2026-06-19 03:52:25,839 [INFO] HTTP Request: POST http://localhost:1234/v1/chat/completions "HTTP/1.1 200 OK"
2026-06-19 03:52:26,341 [INFO] [979/31708] 처리 중...
2026-06-19 03:52:52,139 [INFO] HTTP Request: POST http://localhost:1234/v1/chat/completions "HTTP/1.1 200 OK"
2026-06-19 03:52:52,645 [INFO] [980/31708] 처리 중...
2026-06-19 03:53:34,700 [INFO] HTTP Request: POST http://localhost:1234/v1/chat/completions "HTTP/1.1 200 OK"
2026-06-19 03:53:35,202 [INFO] [981/31708] 처리 중...
2026-06-19 03:54:09,849 [INFO] HTTP Request: POST http://localhost:1234/v1/chat/completions "HTTP/1.1 200 OK"
2026-06-19 03:54:10,354 [INFO] [982/31708] 처리 중...
2026-06-19 03:54:35,349 [INFO] HTTP Request: POST http://localhost:1234/v1/chat/completions "HTTP/1.1 200 OK"
2026-06-19 03:54:35,856 [INFO] [983/31708] 처리 중...
2026-06-19 03:55:09,736 [INFO] HTTP Request: POST http://localhost:1234/v1/chat/completions "HTTP/1.1 200 OK"
2026-06-19 03:55:10,238 [INFO] [984/31708] 처리 중...
2026-06-19 03:55:37,589 [INFO] HTTP Request: POST http://localhost:1234/v1/chat/completions "HTTP/1.1 200 OK"
2026-06-19 03:55:38,091 [INFO] [985/31708] 처리 중...
2026-06-19 03:56:08,320 [INFO] HTTP Request: POST http://localhost:1234/v1/chat/completions "HTTP/1.1 200 OK"
2026-06-19 03:56:08,823 [INFO] [986/31708] 처리 중...
2026-06-19 03:56:43,836 [INFO] HTTP Request: POST http://localhost:1234/v1/chat/completions "HTTP/1.1 200 OK"
2026-06-19 03:56:44,339 [INFO] [987/31708] 처리 중...
2026-06-19 03:57:21,800 [INFO] HTTP Request: POST http://localhost:1234/v1/chat/completions "HTTP/1.1 200 OK"
2026-06-19 03:57:22,305 [INFO] [988/31708] 처리 중...
2026-06-19 03:57:58,697 [INFO] HTTP Request: POST http://localhost:1234/v1/chat/completions "HTTP/1.1 200 OK"
2026-06-19 03:57:59,200 [INFO] [989/31708] 처리 중...
2026-06-19 03:58:46,083 [INFO] HTTP Request: POST http://localhost:1234/v1/chat/completions "HTTP/1.1 200 OK"
2026-06-19 03:58:46,588 [INFO] [990/31708] 처리 중...
2026-06-19 03:59:25,851 [INFO] HTTP Request: POST http://localhost:1234/v1/chat/completions "HTTP/1.1 200 OK"
2026-06-19 03:59:26,356 [INFO] [991/31708] 처리 중...
2026-06-19 04:00:12,989 [INFO] HTTP Request: POST http://localhost:1234/v1/chat/completions "HTTP/1.1 200 OK"
2026-06-19 04:00:13,495 [INFO] [992/31708] 처리 중...
2026-06-19 04:00:44,555 [INFO] HTTP Request: POST http://localhost:1234/v1/chat/completions "HTTP/1.1 200 OK"
2026-06-19 04:00:45,061 [INFO] [993/31708] 처리 중...
2026-06-19 04:01:19,723 [INFO] HTTP Request: POST http://localhost:1234/v1/chat/completions "HTTP/1.1 200 OK"
2026-06-19 04:01:20,229 [INFO] [994/31708] 처리 중...
2026-06-19 04:02:00,481 [INFO] HTTP Request: POST http://localhost:1234/v1/chat/completions "HTTP/1.1 200 OK"
2026-06-19 04:02:00,986 [INFO] [995/31708] 처리 중...
2026-06-19 04:02:27,575 [INFO] HTTP Request: POST http://localhost:1234/v1/chat/completions "HTTP/1.1 200 OK"
2026-06-19 04:02:28,078 [INFO] [996/31708] 처리 중...
2026-06-19 04:03:13,978 [INFO] HTTP Request: POST http://localhost:1234/v1/chat/completions "HTTP/1.1 200 OK"
2026-06-19 04:03:14,482 [INFO] [997/31708] 처리 중...
2026-06-19 04:03:42,628 [INFO] HTTP Request: POST http://localhost:1234/v1/chat/completions "HTTP/1.1 200 OK"
2026-06-19 04:03:43,133 [INFO] [998/31708] 처리 중...
2026-06-19 04:04:12,808 [INFO] HTTP Request: POST http://localhost:1234/v1/chat/completions "HTTP/1.1 200 OK"
2026-06-19 04:04:13,310 [INFO] [999/31708] 처리 중...
2026-06-19 04:04:48,545 [INFO] HTTP Request: POST http://localhost:1234/v1/chat/completions "HTTP/1.1 200 OK"
2026-06-19 04:04:49,048 [INFO] [1000/31708] 처리 중...
2026-06-19 04:05:25,757 [INFO] HTTP Request: POST http://localhost:1234/v1/chat/completions "HTTP/1.1 200 OK"
2026-06-19 04:05:25,781 [INFO] 💾 [1000/31708] 데이터 중간 저장 완료!
2026-06-19 04:05:26,283 [INFO] [1001/31708] 처리 중...
2026-06-19 04:05:58,878 [INFO] HTTP Request: POST http://localhost:1234/v1/chat/completions "HTTP/1.1 200 OK"
2026-06-19 04:05:59,382 [INFO] [1002/31708] 처리 중...
2026-06-19 04:06:43,110 [INFO] HTTP Request: POST http://localhost:1234/v1/chat/completions "HTTP/1.1 200 OK"
2026-06-19 04:06:43,614 [INFO] [1003/31708] 처리 중...
2026-06-19 04:07:32,444 [INFO] HTTP Request: POST http://localhost:1234/v1/chat/completions "HTTP/1.1 200 OK"
2026-06-19 04:07:32,948 [INFO] [1004/31708] 처리 중...
2026-06-19 04:08:54,784 [INFO] HTTP Request: POST http://localhost:1234/v1/chat/completions "HTTP/1.1 200 OK"
2026-06-19 04:08:55,290 [INFO] [1005/31708] 처리 중...
2026-06-19 04:09:41,419 [INFO] HTTP Request: POST http://localhost:1234/v1/chat/completions "HTTP/1.1 200 OK"
2026-06-19 04:09:41,924 [INFO] [1006/31708] 처리 중...
2026-06-19 04:10:29,513 [INFO] HTTP Request: POST http://localhost:1234/v1/chat/completions "HTTP/1.1 200 OK"
2026-06-19 04:10:30,019 [INFO] [1007/31708] 처리 중...
2026-06-19 04:11:46,566 [INFO] HTTP Request: POST http://localhost:1234/v1/chat/completions "HTTP/1.1 200 OK"
2026-06-19 04:11:47,068 [INFO] [1008/31708] 처리 중...
2026-06-19 04:12:44,192 [INFO] HTTP Request: POST http://localhost:1234/v1/chat/completions "HTTP/1.1 200 OK"
2026-06-19 04:12:44,697 [INFO] [1009/31708] 처리 중...
2026-06-19 04:13:17,107 [INFO] HTTP Request: POST http://localhost:1234/v1/chat/completions "HTTP/1.1 200 OK"
2026-06-19 04:13:17,610 [INFO] [1010/31708] 처리 중...
2026-06-19 04:15:46,951 [INFO] HTTP Request: POST http://localhost:1234/v1/chat/completions "HTTP/1.1 200 OK"
2026-06-19 04:15:47,456 [INFO] [1011/31708] 처리 중...
2026-06-19 04:16:57,075 [INFO] HTTP Request: POST http://localhost:1234/v1/chat/completions "HTTP/1.1 200 OK"
2026-06-19 04:16:57,580 [INFO] [1012/31708] 처리 중...
2026-06-19 04:17:47,440 [INFO] HTTP Request: POST http://localhost:1234/v1/chat/completions "HTTP/1.1 200 OK"
2026-06-19 04:17:47,944 [INFO] [1013/31708] 처리 중...
2026-06-19 04:18:20,762 [INFO] HTTP Request: POST http://localhost:1234/v1/chat/completions "HTTP/1.1 200 OK"
2026-06-19 04:18:21,265 [INFO] [1014/31708] 처리 중...
2026-06-19 04:19:02,625 [INFO] HTTP Request: POST http://localhost:1234/v1/chat/completions "HTTP/1.1 200 OK"
2026-06-19 04:19:03,128 [INFO] [1015/31708] 처리 중...
2026-06-19 04:19:33,347 [INFO] HTTP Request: POST http://localhost:1234/v1/chat/completions "HTTP/1.1 200 OK"
2026-06-19 04:19:33,851 [INFO] [1016/31708] 처리 중...
2026-06-19 04:20:03,308 [INFO] HTTP Request: POST http://localhost:1234/v1/chat/completions "HTTP/1.1 200 OK"
2026-06-19 04:20:03,811 [INFO] [1017/31708] 처리 중...
2026-06-19 04:20:40,225 [INFO] HTTP Request: POST http://localhost:1234/v1/chat/completions "HTTP/1.1 200 OK"
2026-06-19 04:20:40,729 [INFO] [1018/31708] 처리 중...
2026-06-19 04:21:25,353 [INFO] HTTP Request: POST http://localhost:1234/v1/chat/completions "HTTP/1.1 200 OK"
2026-06-19 04:21:25,856 [INFO] [1019/31708] 처리 중...
2026-06-19 04:21:54,475 [INFO] HTTP Request: POST http://localhost:1234/v1/chat/completions "HTTP/1.1 200 OK"
2026-06-19 04:21:54,980 [INFO] [1020/31708] 처리 중...
2026-06-19 04:22:23,917 [INFO] HTTP Request: POST http://localhost:1234/v1/chat/completions "HTTP/1.1 200 OK"
2026-06-19 04:22:24,422 [INFO] [1021/31708] 처리 중...
2026-06-19 04:22:46,687 [INFO] HTTP Request: POST http://localhost:1234/v1/chat/completions "HTTP/1.1 200 OK"
2026-06-19 04:22:47,190 [INFO] [1022/31708] 처리 중...
2026-06-19 04:23:12,555 [INFO] HTTP Request: POST http://localhost:1234/v1/chat/completions "HTTP/1.1 200 OK"
2026-06-19 04:23:13,056 [INFO] [1023/31708] 처리 중...
2026-06-19 04:23:39,880 [INFO] HTTP Request: POST http://localhost:1234/v1/chat/completions "HTTP/1.1 200 OK"
2026-06-19 04:23:40,386 [INFO] [1024/31708] 처리 중...
2026-06-19 04:24:20,361 [INFO] HTTP Request: POST http://localhost:1234/v1/chat/completions "HTTP/1.1 200 OK"
2026-06-19 04:24:20,865 [INFO] [1025/31708] 처리 중...
2026-06-19 04:25:03,972 [INFO] HTTP Request: POST http://localhost:1234/v1/chat/completions "HTTP/1.1 200 OK"
2026-06-19 04:25:04,477 [INFO] [1026/31708] 처리 중...
2026-06-19 04:25:48,472 [INFO] HTTP Request: POST http://localhost:1234/v1/chat/completions "HTTP/1.1 200 OK"
2026-06-19 04:25:48,976 [INFO] [1027/31708] 처리 중...
2026-06-19 04:26:17,372 [INFO] HTTP Request: POST http://localhost:1234/v1/chat/completions "HTTP/1.1 200 OK"
2026-06-19 04:26:17,877 [INFO] [1028/31708] 처리 중...
2026-06-19 04:26:54,394 [INFO] HTTP Request: POST http://localhost:1234/v1/chat/completions "HTTP/1.1 200 OK"
2026-06-19 04:26:54,898 [INFO] [1029/31708] 처리 중...
2026-06-19 04:27:24,643 [INFO] HTTP Request: POST http://localhost:1234/v1/chat/completions "HTTP/1.1 200 OK"
2026-06-19 04:27:25,145 [INFO] [1030/31708] 처리 중...
2026-06-19 04:27:57,351 [INFO] HTTP Request: POST http://localhost:1234/v1/chat/completions "HTTP/1.1 200 OK"
2026-06-19 04:27:57,858 [INFO] [1031/31708] 처리 중...
2026-06-19 04:28:47,294 [INFO] HTTP Request: POST http://localhost:1234/v1/chat/completions "HTTP/1.1 200 OK"
2026-06-19 04:28:47,801 [INFO] [1032/31708] 처리 중...
2026-06-19 04:29:25,882 [INFO] HTTP Request: POST http://localhost:1234/v1/chat/completions "HTTP/1.1 200 OK"
2026-06-19 04:29:26,388 [INFO] [1033/31708] 처리 중...
2026-06-19 04:30:08,353 [INFO] HTTP Request: POST http://localhost:1234/v1/chat/completions "HTTP/1.1 200 OK"
2026-06-19 04:30:08,859 [INFO] [1034/31708] 처리 중...
2026-06-19 04:30:36,693 [INFO] HTTP Request: POST http://localhost:1234/v1/chat/completions "HTTP/1.1 200 OK"
2026-06-19 04:30:37,198 [INFO] [1035/31708] 처리 중...
2026-06-19 04:31:23,329 [INFO] HTTP Request: POST http://localhost:1234/v1/chat/completions "HTTP/1.1 200 OK"
2026-06-19 04:31:23,835 [INFO] [1036/31708] 처리 중...
2026-06-19 04:31:55,979 [INFO] HTTP Request: POST http://localhost:1234/v1/chat/completions "HTTP/1.1 200 OK"
2026-06-19 04:31:56,482 [INFO] [1037/31708] 처리 중...
2026-06-19 04:32:42,741 [INFO] HTTP Request: POST http://localhost:1234/v1/chat/completions "HTTP/1.1 200 OK"
2026-06-19 04:32:43,245 [INFO] [1038/31708] 처리 중...
2026-06-19 04:33:20,118 [INFO] HTTP Request: POST http://localhost:1234/v1/chat/completions "HTTP/1.1 200 OK"
2026-06-19 04:33:20,621 [INFO] [1039/31708] 처리 중...
2026-06-19 04:34:00,309 [INFO] HTTP Request: POST http://localhost:1234/v1/chat/completions "HTTP/1.1 200 OK"
2026-06-19 04:34:00,813 [INFO] [1040/31708] 처리 중...
2026-06-19 04:34:29,015 [INFO] HTTP Request: POST http://localhost:1234/v1/chat/completions "HTTP/1.1 200 OK"
2026-06-19 04:34:29,520 [INFO] [1041/31708] 처리 중...
2026-06-19 04:35:24,984 [INFO] HTTP Request: POST http://localhost:1234/v1/chat/completions "HTTP/1.1 200 OK"
2026-06-19 04:35:25,490 [INFO] [1042/31708] 처리 중...
2026-06-19 04:36:07,789 [INFO] HTTP Request: POST http://localhost:1234/v1/chat/completions "HTTP/1.1 200 OK"
2026-06-19 04:36:08,294 [INFO] [1043/31708] 처리 중...
2026-06-19 04:37:06,982 [INFO] HTTP Request: POST http://localhost:1234/v1/chat/completions "HTTP/1.1 200 OK"
2026-06-19 04:37:07,487 [INFO] [1044/31708] 처리 중...
2026-06-19 04:37:40,009 [INFO] HTTP Request: POST http://localhost:1234/v1/chat/completions "HTTP/1.1 200 OK"
2026-06-19 04:37:40,513 [INFO] [1045/31708] 처리 중...
2026-06-19 04:41:03,867 [INFO] HTTP Request: POST http://localhost:1234/v1/chat/completions "HTTP/1.1 200 OK"
2026-06-19 04:41:03,873 [INFO] Error 추출 실패: Expecting value: line 1 column 1 (char 0)
2026-06-19 04:41:04,375 [INFO] [1046/31708] 처리 중...
2026-06-19 04:41:37,721 [INFO] HTTP Request: POST http://localhost:1234/v1/chat/completions "HTTP/1.1 200 OK"
2026-06-19 04:41:38,226 [INFO] [1047/31708] 처리 중...
2026-06-19 04:42:03,685 [INFO] HTTP Request: POST http://localhost:1234/v1/chat/completions "HTTP/1.1 200 OK"
2026-06-19 04:42:04,191 [INFO] [1048/31708] 처리 중...
2026-06-19 04:42:49,134 [INFO] HTTP Request: POST http://localhost:1234/v1/chat/completions "HTTP/1.1 200 OK"
2026-06-19 04:42:49,637 [INFO] [1049/31708] 처리 중...
2026-06-19 04:43:21,198 [INFO] HTTP Request: POST http://localhost:1234/v1/chat/completions "HTTP/1.1 200 OK"
2026-06-19 04:43:21,703 [INFO] [1050/31708] 처리 중...
2026-06-19 04:43:56,259 [INFO] HTTP Request: POST http://localhost:1234/v1/chat/completions "HTTP/1.1 200 OK"
2026-06-19 04:43:56,287 [INFO] 💾 [1050/31708] 데이터 중간 저장 완료!
2026-06-19 04:43:56,789 [INFO] [1051/31708] 처리 중...
2026-06-19 04:45:07,373 [INFO] HTTP Request: POST http://localhost:1234/v1/chat/completions "HTTP/1.1 200 OK"
2026-06-19 04:45:07,877 [INFO] [1052/31708] 처리 중...
2026-06-19 04:45:36,311 [INFO] HTTP Request: POST http://localhost:1234/v1/chat/completions "HTTP/1.1 200 OK"
2026-06-19 04:45:36,818 [INFO] [1053/31708] 처리 중...
2026-06-19 04:46:39,896 [INFO] HTTP Request: POST http://localhost:1234/v1/chat/completions "HTTP/1.1 200 OK"
2026-06-19 04:46:40,399 [INFO] [1054/31708] 처리 중...
2026-06-19 04:47:00,321 [INFO] HTTP Request: POST http://localhost:1234/v1/chat/completions "HTTP/1.1 200 OK"
2026-06-19 04:47:00,826 [INFO] [1055/31708] 처리 중...
2026-06-19 04:48:01,336 [INFO] HTTP Request: POST http://localhost:1234/v1/chat/completions "HTTP/1.1 200 OK"
2026-06-19 04:48:01,839 [INFO] [1056/31708] 처리 중...
2026-06-19 04:48:28,671 [INFO] HTTP Request: POST http://localhost:1234/v1/chat/completions "HTTP/1.1 200 OK"
2026-06-19 04:48:29,176 [INFO] [1057/31708] 처리 중...
2026-06-19 04:49:07,518 [INFO] HTTP Request: POST http://localhost:1234/v1/chat/completions "HTTP/1.1 200 OK"
2026-06-19 04:49:08,023 [INFO] [1058/31708] 처리 중...
2026-06-19 04:49:57,801 [INFO] HTTP Request: POST http://localhost:1234/v1/chat/completions "HTTP/1.1 200 OK"
2026-06-19 04:49:58,304 [INFO] [1059/31708] 처리 중...
2026-06-19 04:50:23,897 [INFO] HTTP Request: POST http://localhost:1234/v1/chat/completions "HTTP/1.1 200 OK"
2026-06-19 04:50:24,402 [INFO] [1060/31708] 처리 중...
2026-06-19 04:51:36,450 [INFO] HTTP Request: POST http://localhost:1234/v1/chat/completions "HTTP/1.1 200 OK"
2026-06-19 04:51:36,955 [INFO] [1061/31708] 처리 중...
2026-06-19 04:52:02,315 [INFO] HTTP Request: POST http://localhost:1234/v1/chat/completions "HTTP/1.1 200 OK"
2026-06-19 04:52:02,816 [INFO] [1062/31708] 처리 중...
2026-06-19 04:52:43,685 [INFO] HTTP Request: POST http://localhost:1234/v1/chat/completions "HTTP/1.1 200 OK"
2026-06-19 04:52:44,188 [INFO] [1063/31708] 처리 중...
2026-06-19 04:53:16,810 [INFO] HTTP Request: POST http://localhost:1234/v1/chat/completions "HTTP/1.1 200 OK"
2026-06-19 04:53:17,311 [INFO] [1064/31708] 처리 중...
2026-06-19 04:53:41,059 [INFO] HTTP Request: POST http://localhost:1234/v1/chat/completions "HTTP/1.1 200 OK"
2026-06-19 04:53:41,562 [INFO] [1065/31708] 처리 중...
2026-06-19 04:54:13,133 [INFO] HTTP Request: POST http://localhost:1234/v1/chat/completions "HTTP/1.1 200 OK"
2026-06-19 04:54:13,638 [INFO] [1066/31708] 처리 중...
2026-06-19 04:54:40,123 [INFO] HTTP Request: POST http://localhost:1234/v1/chat/completions "HTTP/1.1 200 OK"
2026-06-19 04:54:40,630 [INFO] [1067/31708] 처리 중...
2026-06-19 04:55:16,578 [INFO] HTTP Request: POST http://localhost:1234/v1/chat/completions "HTTP/1.1 200 OK"
2026-06-19 04:55:17,083 [INFO] [1068/31708] 처리 중...
2026-06-19 04:55:48,706 [INFO] HTTP Request: POST http://localhost:1234/v1/chat/completions "HTTP/1.1 200 OK"
2026-06-19 04:55:49,211 [INFO] [1069/31708] 처리 중...
2026-06-19 04:56:17,962 [INFO] HTTP Request: POST http://localhost:1234/v1/chat/completions "HTTP/1.1 200 OK"
2026-06-19 04:56:18,466 [INFO] [1070/31708] 처리 중...
2026-06-19 04:56:49,661 [INFO] HTTP Request: POST http://localhost:1234/v1/chat/completions "HTTP/1.1 200 OK"
2026-06-19 04:56:50,166 [INFO] [1071/31708] 처리 중...
2026-06-19 04:57:10,828 [INFO] HTTP Request: POST http://localhost:1234/v1/chat/completions "HTTP/1.1 200 OK"
2026-06-19 04:57:11,332 [INFO] [1072/31708] 처리 중...
2026-06-19 04:57:36,848 [INFO] HTTP Request: POST http://localhost:1234/v1/chat/completions "HTTP/1.1 200 OK"
2026-06-19 04:57:37,353 [INFO] [1073/31708] 처리 중...
2026-06-19 04:58:53,358 [INFO] HTTP Request: POST http://localhost:1234/v1/chat/completions "HTTP/1.1 200 OK"
2026-06-19 04:58:53,864 [INFO] [1074/31708] 처리 중...
2026-06-19 04:59:30,712 [INFO] HTTP Request: POST http://localhost:1234/v1/chat/completions "HTTP/1.1 200 OK"
2026-06-19 04:59:31,218 [INFO] [1075/31708] 처리 중...
2026-06-19 05:00:03,808 [INFO] HTTP Request: POST http://localhost:1234/v1/chat/completions "HTTP/1.1 200 OK"
2026-06-19 05:00:04,310 [INFO] [1076/31708] 처리 중...
2026-06-19 05:00:40,047 [INFO] HTTP Request: POST http://localhost:1234/v1/chat/completions "HTTP/1.1 200 OK"
2026-06-19 05:00:40,551 [INFO] [1077/31708] 처리 중...
2026-06-19 05:01:11,859 [INFO] HTTP Request: POST http://localhost:1234/v1/chat/completions "HTTP/1.1 200 OK"
2026-06-19 05:01:12,363 [INFO] [1078/31708] 처리 중...
2026-06-19 05:01:52,538 [INFO] HTTP Request: POST http://localhost:1234/v1/chat/completions "HTTP/1.1 200 OK"
2026-06-19 05:01:53,042 [INFO] [1079/31708] 처리 중...
2026-06-19 05:02:34,048 [INFO] HTTP Request: POST http://localhost:1234/v1/chat/completions "HTTP/1.1 200 OK"
2026-06-19 05:02:34,552 [INFO] [1080/31708] 처리 중...
2026-06-19 05:03:07,457 [INFO] HTTP Request: POST http://localhost:1234/v1/chat/completions "HTTP/1.1 200 OK"
2026-06-19 05:03:07,961 [INFO] [1081/31708] 처리 중...
2026-06-19 05:03:50,076 [INFO] HTTP Request: POST http://localhost:1234/v1/chat/completions "HTTP/1.1 200 OK"
2026-06-19 05:03:50,581 [INFO] [1082/31708] 처리 중...
2026-06-19 05:04:40,112 [INFO] HTTP Request: POST http://localhost:1234/v1/chat/completions "HTTP/1.1 200 OK"
2026-06-19 05:04:40,617 [INFO] [1083/31708] 처리 중...
2026-06-19 05:05:13,371 [INFO] HTTP Request: POST http://localhost:1234/v1/chat/completions "HTTP/1.1 200 OK"
2026-06-19 05:05:13,882 [INFO] [1084/31708] 처리 중...
2026-06-19 05:08:36,950 [INFO] HTTP Request: POST http://localhost:1234/v1/chat/completions "HTTP/1.1 200 OK"
2026-06-19 05:08:36,952 [INFO] Error 추출 실패: Expecting value: line 1 column 1 (char 0)
2026-06-19 05:08:37,454 [INFO] [1085/31708] 처리 중...
2026-06-19 05:12:00,780 [INFO] HTTP Request: POST http://localhost:1234/v1/chat/completions "HTTP/1.1 200 OK"
2026-06-19 05:12:00,783 [INFO] Error 추출 실패: Expecting value: line 1 column 1 (char 0)
2026-06-19 05:12:01,286 [INFO] [1086/31708] 처리 중...
2026-06-19 05:12:45,042 [INFO] HTTP Request: POST http://localhost:1234/v1/chat/completions "HTTP/1.1 200 OK"
2026-06-19 05:12:45,547 [INFO] [1087/31708] 처리 중...
2026-06-19 05:13:18,634 [INFO] HTTP Request: POST http://localhost:1234/v1/chat/completions "HTTP/1.1 200 OK"
2026-06-19 05:13:19,137 [INFO] [1088/31708] 처리 중...
2026-06-19 05:14:27,046 [INFO] HTTP Request: POST http://localhost:1234/v1/chat/completions "HTTP/1.1 200 OK"
2026-06-19 05:14:27,550 [INFO] [1089/31708] 처리 중...
2026-06-19 05:15:18,414 [INFO] HTTP Request: POST http://localhost:1234/v1/chat/completions "HTTP/1.1 200 OK"
2026-06-19 05:15:18,919 [INFO] [1090/31708] 처리 중...
2026-06-19 05:15:50,620 [INFO] HTTP Request: POST http://localhost:1234/v1/chat/completions "HTTP/1.1 200 OK"
2026-06-19 05:15:51,125 [INFO] [1091/31708] 처리 중...
2026-06-19 05:16:27,150 [INFO] HTTP Request: POST http://localhost:1234/v1/chat/completions "HTTP/1.1 200 OK"
2026-06-19 05:16:27,654 [INFO] [1092/31708] 처리 중...
2026-06-19 05:17:02,022 [INFO] HTTP Request: POST http://localhost:1234/v1/chat/completions "HTTP/1.1 200 OK"
2026-06-19 05:17:02,525 [INFO] [1093/31708] 처리 중...
2026-06-19 05:17:40,140 [INFO] HTTP Request: POST http://localhost:1234/v1/chat/completions "HTTP/1.1 200 OK"
2026-06-19 05:17:40,646 [INFO] [1094/31708] 처리 중...
2026-06-19 05:18:21,901 [INFO] HTTP Request: POST http://localhost:1234/v1/chat/completions "HTTP/1.1 200 OK"
2026-06-19 05:18:22,405 [INFO] [1095/31708] 처리 중...
2026-06-19 05:18:50,001 [INFO] HTTP Request: POST http://localhost:1234/v1/chat/completions "HTTP/1.1 200 OK"
2026-06-19 05:18:50,506 [INFO] [1096/31708] 처리 중...
2026-06-19 05:19:23,005 [INFO] HTTP Request: POST http://localhost:1234/v1/chat/completions "HTTP/1.1 200 OK"
2026-06-19 05:19:23,509 [INFO] [1097/31708] 처리 중...
2026-06-19 05:20:04,722 [INFO] HTTP Request: POST http://localhost:1234/v1/chat/completions "HTTP/1.1 200 OK"
2026-06-19 05:20:05,226 [INFO] [1098/31708] 처리 중...
2026-06-19 05:20:30,243 [INFO] HTTP Request: POST http://localhost:1234/v1/chat/completions "HTTP/1.1 200 OK"
2026-06-19 05:20:30,747 [INFO] [1099/31708] 처리 중...
2026-06-19 05:20:59,906 [INFO] HTTP Request: POST http://localhost:1234/v1/chat/completions "HTTP/1.1 200 OK"
2026-06-19 05:21:00,410 [INFO] [1100/31708] 처리 중...
2026-06-19 05:21:39,377 [INFO] HTTP Request: POST http://localhost:1234/v1/chat/completions "HTTP/1.1 200 OK"
2026-06-19 05:21:39,408 [INFO] 💾 [1100/31708] 데이터 중간 저장 완료!
2026-06-19 05:21:39,910 [INFO] [1101/31708] 처리 중...
2026-06-19 05:22:18,044 [INFO] HTTP Request: POST http://localhost:1234/v1/chat/completions "HTTP/1.1 200 OK"
2026-06-19 05:22:18,549 [INFO] [1102/31708] 처리 중...
2026-06-19 05:22:52,749 [INFO] HTTP Request: POST http://localhost:1234/v1/chat/completions "HTTP/1.1 200 OK"
2026-06-19 05:22:53,253 [INFO] [1103/31708] 처리 중...
2026-06-19 05:23:30,046 [INFO] HTTP Request: POST http://localhost:1234/v1/chat/completions "HTTP/1.1 200 OK"
2026-06-19 05:23:30,551 [INFO] [1104/31708] 처리 중...
2026-06-19 05:23:52,764 [INFO] HTTP Request: POST http://localhost:1234/v1/chat/completions "HTTP/1.1 200 OK"
2026-06-19 05:23:53,269 [INFO] [1105/31708] 처리 중...
2026-06-19 05:24:24,961 [INFO] HTTP Request: POST http://localhost:1234/v1/chat/completions "HTTP/1.1 200 OK"
2026-06-19 05:24:25,466 [INFO] [1106/31708] 처리 중...
2026-06-19 05:25:03,149 [INFO] HTTP Request: POST http://localhost:1234/v1/chat/completions "HTTP/1.1 200 OK"
2026-06-19 05:25:03,655 [INFO] [1107/31708] 처리 중...
2026-06-19 05:25:40,911 [INFO] HTTP Request: POST http://localhost:1234/v1/chat/completions "HTTP/1.1 200 OK"
2026-06-19 05:25:41,417 [INFO] [1108/31708] 처리 중...
2026-06-19 05:26:16,756 [INFO] HTTP Request: POST http://localhost:1234/v1/chat/completions "HTTP/1.1 200 OK"
2026-06-19 05:26:17,259 [INFO] [1109/31708] 처리 중...
2026-06-19 05:26:42,347 [INFO] HTTP Request: POST http://localhost:1234/v1/chat/completions "HTTP/1.1 200 OK"
2026-06-19 05:26:42,853 [INFO] [1110/31708] 처리 중...
2026-06-19 05:26:58,440 [INFO] HTTP Request: POST http://localhost:1234/v1/chat/completions "HTTP/1.1 200 OK"
2026-06-19 05:26:58,945 [INFO] [1111/31708] 처리 중...
2026-06-19 05:27:33,766 [INFO] HTTP Request: POST http://localhost:1234/v1/chat/completions "HTTP/1.1 200 OK"
2026-06-19 05:27:34,272 [INFO] [1112/31708] 처리 중...
2026-06-19 05:28:05,233 [INFO] HTTP Request: POST http://localhost:1234/v1/chat/completions "HTTP/1.1 200 OK"
2026-06-19 05:28:05,738 [INFO] [1113/31708] 처리 중...
2026-06-19 05:28:28,644 [INFO] HTTP Request: POST http://localhost:1234/v1/chat/completions "HTTP/1.1 200 OK"
2026-06-19 05:28:29,148 [INFO] [1114/31708] 처리 중...
2026-06-19 05:28:57,390 [INFO] HTTP Request: POST http://localhost:1234/v1/chat/completions "HTTP/1.1 200 OK"
2026-06-19 05:28:57,893 [INFO] [1115/31708] 처리 중...
2026-06-19 05:29:30,106 [INFO] HTTP Request: POST http://localhost:1234/v1/chat/completions "HTTP/1.1 200 OK"
2026-06-19 05:29:30,610 [INFO] [1116/31708] 처리 중...
2026-06-19 05:30:05,874 [INFO] HTTP Request: POST http://localhost:1234/v1/chat/completions "HTTP/1.1 200 OK"
2026-06-19 05:30:06,377 [INFO] [1117/31708] 처리 중...
2026-06-19 05:30:34,868 [INFO] HTTP Request: POST http://localhost:1234/v1/chat/completions "HTTP/1.1 200 OK"
2026-06-19 05:30:35,371 [INFO] [1118/31708] 처리 중...
2026-06-19 05:31:04,789 [INFO] HTTP Request: POST http://localhost:1234/v1/chat/completions "HTTP/1.1 200 OK"
2026-06-19 05:31:05,294 [INFO] [1119/31708] 처리 중...
2026-06-19 05:31:37,295 [INFO] HTTP Request: POST http://localhost:1234/v1/chat/completions "HTTP/1.1 200 OK"
2026-06-19 05:31:37,800 [INFO] [1120/31708] 처리 중...
2026-06-19 05:32:27,547 [INFO] HTTP Request: POST http://localhost:1234/v1/chat/completions "HTTP/1.1 200 OK"
2026-06-19 05:32:28,053 [INFO] [1121/31708] 처리 중...
2026-06-19 05:33:03,871 [INFO] HTTP Request: POST http://localhost:1234/v1/chat/completions "HTTP/1.1 200 OK"
2026-06-19 05:33:04,376 [INFO] [1122/31708] 처리 중...
2026-06-19 05:33:39,613 [INFO] HTTP Request: POST http://localhost:1234/v1/chat/completions "HTTP/1.1 200 OK"
2026-06-19 05:33:40,120 [INFO] [1123/31708] 처리 중...
2026-06-19 05:34:11,556 [INFO] HTTP Request: POST http://localhost:1234/v1/chat/completions "HTTP/1.1 200 OK"
2026-06-19 05:34:12,061 [INFO] [1124/31708] 처리 중...
2026-06-19 05:34:46,237 [INFO] HTTP Request: POST http://localhost:1234/v1/chat/completions "HTTP/1.1 200 OK"
2026-06-19 05:34:46,742 [INFO] [1125/31708] 처리 중...
2026-06-19 05:35:22,963 [INFO] HTTP Request: POST http://localhost:1234/v1/chat/completions "HTTP/1.1 200 OK"
2026-06-19 05:35:23,468 [INFO] [1126/31708] 처리 중...
2026-06-19 05:36:03,777 [INFO] HTTP Request: POST http://localhost:1234/v1/chat/completions "HTTP/1.1 200 OK"
2026-06-19 05:36:04,282 [INFO] [1127/31708] 처리 중...
2026-06-19 05:36:35,103 [INFO] HTTP Request: POST http://localhost:1234/v1/chat/completions "HTTP/1.1 200 OK"
2026-06-19 05:36:35,606 [INFO] [1128/31708] 처리 중...
2026-06-19 05:37:02,203 [INFO] HTTP Request: POST http://localhost:1234/v1/chat/completions "HTTP/1.1 200 OK"
2026-06-19 05:37:02,708 [INFO] [1129/31708] 처리 중...
2026-06-19 05:37:39,739 [INFO] HTTP Request: POST http://localhost:1234/v1/chat/completions "HTTP/1.1 200 OK"
2026-06-19 05:37:40,244 [INFO] [1130/31708] 처리 중...
2026-06-19 05:38:23,692 [INFO] HTTP Request: POST http://localhost:1234/v1/chat/completions "HTTP/1.1 200 OK"
2026-06-19 05:38:24,196 [INFO] [1131/31708] 처리 중...
2026-06-19 05:39:06,669 [INFO] HTTP Request: POST http://localhost:1234/v1/chat/completions "HTTP/1.1 200 OK"
2026-06-19 05:39:07,174 [INFO] [1132/31708] 처리 중...
2026-06-19 05:39:48,864 [INFO] HTTP Request: POST http://localhost:1234/v1/chat/completions "HTTP/1.1 200 OK"
2026-06-19 05:39:49,370 [INFO] [1133/31708] 처리 중...
2026-06-19 05:40:23,647 [INFO] HTTP Request: POST http://localhost:1234/v1/chat/completions "HTTP/1.1 200 OK"
2026-06-19 05:40:24,152 [INFO] [1134/31708] 처리 중...
2026-06-19 05:40:56,997 [INFO] HTTP Request: POST http://localhost:1234/v1/chat/completions "HTTP/1.1 200 OK"
2026-06-19 05:40:57,503 [INFO] [1135/31708] 처리 중...
2026-06-19 05:41:32,261 [INFO] HTTP Request: POST http://localhost:1234/v1/chat/completions "HTTP/1.1 200 OK"
2026-06-19 05:41:32,766 [INFO] [1136/31708] 처리 중...
2026-06-19 05:42:09,678 [INFO] HTTP Request: POST http://localhost:1234/v1/chat/completions "HTTP/1.1 200 OK"
2026-06-19 05:42:10,183 [INFO] [1137/31708] 처리 중...
2026-06-19 05:42:51,871 [INFO] HTTP Request: POST http://localhost:1234/v1/chat/completions "HTTP/1.1 200 OK"
2026-06-19 05:42:52,376 [INFO] [1138/31708] 처리 중...
2026-06-19 05:43:45,653 [INFO] HTTP Request: POST http://localhost:1234/v1/chat/completions "HTTP/1.1 200 OK"
2026-06-19 05:43:46,157 [INFO] [1139/31708] 처리 중...
2026-06-19 05:44:35,780 [INFO] HTTP Request: POST http://localhost:1234/v1/chat/completions "HTTP/1.1 200 OK"
2026-06-19 05:44:36,284 [INFO] [1140/31708] 처리 중...
2026-06-19 05:45:33,389 [INFO] HTTP Request: POST http://localhost:1234/v1/chat/completions "HTTP/1.1 200 OK"
2026-06-19 05:45:33,894 [INFO] [1141/31708] 처리 중...
2026-06-19 05:46:09,704 [INFO] HTTP Request: POST http://localhost:1234/v1/chat/completions "HTTP/1.1 200 OK"
2026-06-19 05:46:10,208 [INFO] [1142/31708] 처리 중...
2026-06-19 05:46:53,865 [INFO] HTTP Request: POST http://localhost:1234/v1/chat/completions "HTTP/1.1 200 OK"
2026-06-19 05:46:54,367 [INFO] [1143/31708] 처리 중...
2026-06-19 05:47:27,337 [INFO] HTTP Request: POST http://localhost:1234/v1/chat/completions "HTTP/1.1 200 OK"
2026-06-19 05:47:27,843 [INFO] [1144/31708] 처리 중...
2026-06-19 05:48:10,379 [INFO] HTTP Request: POST http://localhost:1234/v1/chat/completions "HTTP/1.1 200 OK"
2026-06-19 05:48:10,884 [INFO] [1145/31708] 처리 중...
2026-06-19 05:49:01,699 [INFO] HTTP Request: POST http://localhost:1234/v1/chat/completions "HTTP/1.1 200 OK"
2026-06-19 05:49:02,205 [INFO] [1146/31708] 처리 중...
2026-06-19 05:49:28,922 [INFO] HTTP Request: POST http://localhost:1234/v1/chat/completions "HTTP/1.1 200 OK"
2026-06-19 05:49:29,425 [INFO] [1147/31708] 처리 중...
2026-06-19 05:50:12,434 [INFO] HTTP Request: POST http://localhost:1234/v1/chat/completions "HTTP/1.1 200 OK"
2026-06-19 05:50:12,938 [INFO] [1148/31708] 처리 중...
2026-06-19 05:50:58,359 [INFO] HTTP Request: POST http://localhost:1234/v1/chat/completions "HTTP/1.1 200 OK"
2026-06-19 05:50:58,863 [INFO] [1149/31708] 처리 중...
2026-06-19 05:51:46,544 [INFO] HTTP Request: POST http://localhost:1234/v1/chat/completions "HTTP/1.1 200 OK"
2026-06-19 05:51:47,050 [INFO] [1150/31708] 처리 중...
2026-06-19 05:52:16,586 [INFO] HTTP Request: POST http://localhost:1234/v1/chat/completions "HTTP/1.1 200 OK"
2026-06-19 05:52:16,617 [INFO] 💾 [1150/31708] 데이터 중간 저장 완료!
2026-06-19 05:52:17,119 [INFO] [1151/31708] 처리 중...
2026-06-19 05:52:59,156 [INFO] HTTP Request: POST http://localhost:1234/v1/chat/completions "HTTP/1.1 200 OK"
2026-06-19 05:52:59,662 [INFO] [1152/31708] 처리 중...
2026-06-19 05:53:54,204 [INFO] HTTP Request: POST http://localhost:1234/v1/chat/completions "HTTP/1.1 200 OK"
2026-06-19 05:53:54,708 [INFO] [1153/31708] 처리 중...
2026-06-19 05:54:21,481 [INFO] HTTP Request: POST http://localhost:1234/v1/chat/completions "HTTP/1.1 200 OK"
2026-06-19 05:54:21,986 [INFO] [1154/31708] 처리 중...
2026-06-19 05:55:21,788 [INFO] HTTP Request: POST http://localhost:1234/v1/chat/completions "HTTP/1.1 200 OK"
2026-06-19 05:55:22,292 [INFO] [1155/31708] 처리 중...
2026-06-19 05:58:45,501 [INFO] HTTP Request: POST http://localhost:1234/v1/chat/completions "HTTP/1.1 200 OK"
2026-06-19 05:58:45,503 [INFO] Error 추출 실패: Expecting value: line 1 column 1 (char 0)
2026-06-19 05:58:46,005 [INFO] [1156/31708] 처리 중...
2026-06-19 05:59:22,509 [INFO] HTTP Request: POST http://localhost:1234/v1/chat/completions "HTTP/1.1 200 OK"
2026-06-19 05:59:23,013 [INFO] [1157/31708] 처리 중...
2026-06-19 06:00:05,896 [INFO] HTTP Request: POST http://localhost:1234/v1/chat/completions "HTTP/1.1 200 OK"
2026-06-19 06:00:06,401 [INFO] [1158/31708] 처리 중...
2026-06-19 06:00:52,588 [INFO] HTTP Request: POST http://localhost:1234/v1/chat/completions "HTTP/1.1 200 OK"
2026-06-19 06:00:53,093 [INFO] [1159/31708] 처리 중...
2026-06-19 06:01:22,402 [INFO] HTTP Request: POST http://localhost:1234/v1/chat/completions "HTTP/1.1 200 OK"
2026-06-19 06:01:22,907 [INFO] [1160/31708] 처리 중...
2026-06-19 06:04:46,301 [INFO] HTTP Request: POST http://localhost:1234/v1/chat/completions "HTTP/1.1 200 OK"
2026-06-19 06:04:46,304 [INFO] Error 추출 실패: Expecting value: line 1 column 1 (char 0)
2026-06-19 06:04:46,805 [INFO] [1161/31708] 처리 중...
2026-06-19 06:05:07,890 [INFO] HTTP Request: POST http://localhost:1234/v1/chat/completions "HTTP/1.1 200 OK"
2026-06-19 06:05:08,395 [INFO] [1162/31708] 처리 중...
2026-06-19 06:05:58,508 [INFO] HTTP Request: POST http://localhost:1234/v1/chat/completions "HTTP/1.1 200 OK"
2026-06-19 06:05:59,014 [INFO] [1163/31708] 처리 중...
2026-06-19 06:06:33,483 [INFO] HTTP Request: POST http://localhost:1234/v1/chat/completions "HTTP/1.1 200 OK"
2026-06-19 06:06:33,987 [INFO] [1164/31708] 처리 중...
2026-06-19 06:07:01,513 [INFO] HTTP Request: POST http://localhost:1234/v1/chat/completions "HTTP/1.1 200 OK"
2026-06-19 06:07:02,019 [INFO] [1165/31708] 처리 중...
2026-06-19 06:07:41,794 [INFO] HTTP Request: POST http://localhost:1234/v1/chat/completions "HTTP/1.1 200 OK"
2026-06-19 06:07:42,299 [INFO] [1166/31708] 처리 중...
2026-06-19 06:08:16,083 [INFO] HTTP Request: POST http://localhost:1234/v1/chat/completions "HTTP/1.1 200 OK"
2026-06-19 06:08:16,586 [INFO] [1167/31708] 처리 중...
2026-06-19 06:09:11,120 [INFO] HTTP Request: POST http://localhost:1234/v1/chat/completions "HTTP/1.1 200 OK"
2026-06-19 06:09:11,625 [INFO] [1168/31708] 처리 중...
2026-06-19 06:09:49,944 [INFO] HTTP Request: POST http://localhost:1234/v1/chat/completions "HTTP/1.1 200 OK"
2026-06-19 06:09:50,450 [INFO] [1169/31708] 처리 중...
2026-06-19 06:10:27,452 [INFO] HTTP Request: POST http://localhost:1234/v1/chat/completions "HTTP/1.1 200 OK"
2026-06-19 06:10:27,957 [INFO] [1170/31708] 처리 중...
2026-06-19 06:11:05,589 [INFO] HTTP Request: POST http://localhost:1234/v1/chat/completions "HTTP/1.1 200 OK"
2026-06-19 06:11:06,092 [INFO] [1171/31708] 처리 중...
2026-06-19 06:11:32,354 [INFO] HTTP Request: POST http://localhost:1234/v1/chat/completions "HTTP/1.1 200 OK"
2026-06-19 06:11:32,859 [INFO] [1172/31708] 처리 중...
2026-06-19 06:12:06,659 [INFO] HTTP Request: POST http://localhost:1234/v1/chat/completions "HTTP/1.1 200 OK"
2026-06-19 06:12:07,165 [INFO] [1173/31708] 처리 중...
2026-06-19 06:12:43,130 [INFO] HTTP Request: POST http://localhost:1234/v1/chat/completions "HTTP/1.1 200 OK"
2026-06-19 06:12:43,634 [INFO] [1174/31708] 처리 중...
2026-06-19 06:13:33,395 [INFO] HTTP Request: POST http://localhost:1234/v1/chat/completions "HTTP/1.1 200 OK"
2026-06-19 06:13:33,900 [INFO] [1175/31708] 처리 중...
2026-06-19 06:14:06,568 [INFO] HTTP Request: POST http://localhost:1234/v1/chat/completions "HTTP/1.1 200 OK"
2026-06-19 06:14:07,073 [INFO] [1176/31708] 처리 중...
2026-06-19 06:15:14,995 [INFO] HTTP Request: POST http://localhost:1234/v1/chat/completions "HTTP/1.1 200 OK"
2026-06-19 06:15:15,501 [INFO] [1177/31708] 처리 중...
2026-06-19 06:15:53,407 [INFO] HTTP Request: POST http://localhost:1234/v1/chat/completions "HTTP/1.1 200 OK"
2026-06-19 06:15:53,911 [INFO] [1178/31708] 처리 중...
2026-06-19 06:16:36,219 [INFO] HTTP Request: POST http://localhost:1234/v1/chat/completions "HTTP/1.1 200 OK"
2026-06-19 06:16:36,725 [INFO] [1179/31708] 처리 중...
2026-06-19 06:17:12,489 [INFO] HTTP Request: POST http://localhost:1234/v1/chat/completions "HTTP/1.1 200 OK"
2026-06-19 06:17:12,991 [INFO] [1180/31708] 처리 중...
2026-06-19 06:17:38,189 [INFO] HTTP Request: POST http://localhost:1234/v1/chat/completions "HTTP/1.1 200 OK"
2026-06-19 06:17:38,695 [INFO] [1181/31708] 처리 중...
2026-06-19 06:18:19,328 [INFO] HTTP Request: POST http://localhost:1234/v1/chat/completions "HTTP/1.1 200 OK"
2026-06-19 06:18:19,834 [INFO] [1182/31708] 처리 중...
2026-06-19 06:19:07,044 [INFO] HTTP Request: POST http://localhost:1234/v1/chat/completions "HTTP/1.1 200 OK"
2026-06-19 06:19:07,549 [INFO] [1183/31708] 처리 중...
2026-06-19 06:19:42,527 [INFO] HTTP Request: POST http://localhost:1234/v1/chat/completions "HTTP/1.1 200 OK"
2026-06-19 06:19:43,034 [INFO] [1184/31708] 처리 중...
2026-06-19 06:20:29,948 [INFO] HTTP Request: POST http://localhost:1234/v1/chat/completions "HTTP/1.1 200 OK"
2026-06-19 06:20:30,453 [INFO] [1185/31708] 처리 중...
2026-06-19 06:21:27,038 [INFO] HTTP Request: POST http://localhost:1234/v1/chat/completions "HTTP/1.1 200 OK"
2026-06-19 06:21:27,542 [INFO] [1186/31708] 처리 중...
2026-06-19 06:22:04,200 [INFO] HTTP Request: POST http://localhost:1234/v1/chat/completions "HTTP/1.1 200 OK"
2026-06-19 06:22:04,705 [INFO] [1187/31708] 처리 중...
2026-06-19 06:22:57,116 [INFO] HTTP Request: POST http://localhost:1234/v1/chat/completions "HTTP/1.1 200 OK"
2026-06-19 06:22:57,619 [INFO] [1188/31708] 처리 중...
2026-06-19 06:23:54,368 [INFO] HTTP Request: POST http://localhost:1234/v1/chat/completions "HTTP/1.1 200 OK"
2026-06-19 06:23:54,875 [INFO] [1189/31708] 처리 중...
2026-06-19 06:24:43,602 [INFO] HTTP Request: POST http://localhost:1234/v1/chat/completions "HTTP/1.1 200 OK"
2026-06-19 06:24:44,108 [INFO] [1190/31708] 처리 중...
2026-06-19 06:25:29,200 [INFO] HTTP Request: POST http://localhost:1234/v1/chat/completions "HTTP/1.1 200 OK"
2026-06-19 06:25:29,705 [INFO] [1191/31708] 처리 중...
2026-06-19 06:26:06,007 [INFO] HTTP Request: POST http://localhost:1234/v1/chat/completions "HTTP/1.1 200 OK"
2026-06-19 06:26:06,512 [INFO] [1192/31708] 처리 중...
2026-06-19 06:26:50,940 [INFO] HTTP Request: POST http://localhost:1234/v1/chat/completions "HTTP/1.1 200 OK"
2026-06-19 06:26:51,443 [INFO] [1193/31708] 처리 중...
2026-06-19 06:27:40,082 [INFO] HTTP Request: POST http://localhost:1234/v1/chat/completions "HTTP/1.1 200 OK"
2026-06-19 06:27:40,585 [INFO] [1194/31708] 처리 중...
2026-06-19 06:28:33,566 [INFO] HTTP Request: POST http://localhost:1234/v1/chat/completions "HTTP/1.1 200 OK"
2026-06-19 06:28:34,071 [INFO] [1195/31708] 처리 중...
2026-06-19 06:29:07,042 [INFO] HTTP Request: POST http://localhost:1234/v1/chat/completions "HTTP/1.1 200 OK"
2026-06-19 06:29:07,545 [INFO] [1196/31708] 처리 중...
2026-06-19 06:30:07,284 [INFO] HTTP Request: POST http://localhost:1234/v1/chat/completions "HTTP/1.1 200 OK"
2026-06-19 06:30:07,790 [INFO] [1197/31708] 처리 중...
2026-06-19 06:30:34,180 [INFO] HTTP Request: POST http://localhost:1234/v1/chat/completions "HTTP/1.1 200 OK"
2026-06-19 06:30:34,684 [INFO] [1198/31708] 처리 중...
2026-06-19 06:31:18,801 [INFO] HTTP Request: POST http://localhost:1234/v1/chat/completions "HTTP/1.1 200 OK"
2026-06-19 06:31:19,307 [INFO] [1199/31708] 처리 중...
2026-06-19 06:32:10,170 [INFO] HTTP Request: POST http://localhost:1234/v1/chat/completions "HTTP/1.1 200 OK"
2026-06-19 06:32:10,674 [INFO] [1200/31708] 처리 중...
2026-06-19 06:32:35,495 [INFO] HTTP Request: POST http://localhost:1234/v1/chat/completions "HTTP/1.1 200 OK"
2026-06-19 06:32:35,526 [INFO] 💾 [1200/31708] 데이터 중간 저장 완료!
2026-06-19 06:32:36,028 [INFO] [1201/31708] 처리 중...
2026-06-19 06:33:10,272 [INFO] HTTP Request: POST http://localhost:1234/v1/chat/completions "HTTP/1.1 200 OK"
2026-06-19 06:33:10,778 [INFO] [1202/31708] 처리 중...
2026-06-19 06:33:49,040 [INFO] HTTP Request: POST http://localhost:1234/v1/chat/completions "HTTP/1.1 200 OK"
2026-06-19 06:33:49,545 [INFO] [1203/31708] 처리 중...
2026-06-19 06:34:22,058 [INFO] HTTP Request: POST http://localhost:1234/v1/chat/completions "HTTP/1.1 200 OK"
2026-06-19 06:34:22,563 [INFO] [1204/31708] 처리 중...
2026-06-19 06:34:52,570 [INFO] HTTP Request: POST http://localhost:1234/v1/chat/completions "HTTP/1.1 200 OK"
2026-06-19 06:34:53,075 [INFO] [1205/31708] 처리 중...
2026-06-19 06:35:15,672 [INFO] HTTP Request: POST http://localhost:1234/v1/chat/completions "HTTP/1.1 200 OK"
2026-06-19 06:35:16,178 [INFO] [1206/31708] 처리 중...
2026-06-19 06:35:45,210 [INFO] HTTP Request: POST http://localhost:1234/v1/chat/completions "HTTP/1.1 200 OK"
2026-06-19 06:35:45,714 [INFO] [1207/31708] 처리 중...
2026-06-19 06:36:32,025 [INFO] HTTP Request: POST http://localhost:1234/v1/chat/completions "HTTP/1.1 200 OK"
2026-06-19 06:36:32,531 [INFO] [1208/31708] 처리 중...
2026-06-19 06:36:51,443 [INFO] HTTP Request: POST http://localhost:1234/v1/chat/completions "HTTP/1.1 200 OK"
2026-06-19 06:36:51,948 [INFO] [1209/31708] 처리 중...
2026-06-19 06:37:19,364 [INFO] HTTP Request: POST http://localhost:1234/v1/chat/completions "HTTP/1.1 200 OK"
2026-06-19 06:37:19,869 [INFO] [1210/31708] 처리 중...
2026-06-19 06:40:43,600 [INFO] HTTP Request: POST http://localhost:1234/v1/chat/completions "HTTP/1.1 200 OK"
2026-06-19 06:40:43,604 [INFO] Error 추출 실패: Expecting value: line 1 column 1 (char 0)
2026-06-19 06:40:44,107 [INFO] [1211/31708] 처리 중...
2026-06-19 06:44:07,827 [INFO] HTTP Request: POST http://localhost:1234/v1/chat/completions "HTTP/1.1 200 OK"
2026-06-19 06:44:07,831 [INFO] Error 추출 실패: Expecting value: line 1 column 1 (char 0)
2026-06-19 06:44:08,333 [INFO] [1212/31708] 처리 중...
2026-06-19 06:47:31,818 [INFO] HTTP Request: POST http://localhost:1234/v1/chat/completions "HTTP/1.1 200 OK"
2026-06-19 06:47:31,821 [INFO] Error 추출 실패: Expecting value: line 1 column 1 (char 0)
2026-06-19 06:47:32,323 [INFO] [1213/31708] 처리 중...
2026-06-19 06:47:58,064 [INFO] HTTP Request: POST http://localhost:1234/v1/chat/completions "HTTP/1.1 200 OK"
2026-06-19 06:47:58,567 [INFO] [1214/31708] 처리 중...
2026-06-19 06:51:22,378 [INFO] HTTP Request: POST http://localhost:1234/v1/chat/completions "HTTP/1.1 200 OK"
2026-06-19 06:51:22,382 [INFO] Error 추출 실패: Expecting value: line 1 column 1 (char 0)
2026-06-19 06:51:22,884 [INFO] [1215/31708] 처리 중...
2026-06-19 06:51:47,619 [INFO] HTTP Request: POST http://localhost:1234/v1/chat/completions "HTTP/1.1 200 OK"
2026-06-19 06:51:48,124 [INFO] [1216/31708] 처리 중...
2026-06-19 06:55:11,860 [INFO] HTTP Request: POST http://localhost:1234/v1/chat/completions "HTTP/1.1 200 OK"
2026-06-19 06:55:11,862 [INFO] Error 추출 실패: Expecting value: line 1 column 1 (char 0)
2026-06-19 06:55:12,364 [INFO] [1217/31708] 처리 중...
2026-06-19 06:55:45,800 [INFO] HTTP Request: POST http://localhost:1234/v1/chat/completions "HTTP/1.1 200 OK"
2026-06-19 06:55:46,307 [INFO] [1218/31708] 처리 중...
2026-06-19 06:59:09,672 [INFO] HTTP Request: POST http://localhost:1234/v1/chat/completions "HTTP/1.1 200 OK"
2026-06-19 06:59:09,677 [INFO] Error 추출 실패: Expecting value: line 1 column 1 (char 0)
2026-06-19 06:59:10,180 [INFO] [1219/31708] 처리 중...
2026-06-19 06:59:32,700 [INFO] HTTP Request: POST http://localhost:1234/v1/chat/completions "HTTP/1.1 200 OK"
2026-06-19 06:59:33,203 [INFO] [1220/31708] 처리 중...
2026-06-19 07:00:20,558 [INFO] HTTP Request: POST http://localhost:1234/v1/chat/completions "HTTP/1.1 200 OK"
2026-06-19 07:00:21,063 [INFO] [1221/31708] 처리 중...
2026-06-19 07:00:45,668 [INFO] HTTP Request: POST http://localhost:1234/v1/chat/completions "HTTP/1.1 200 OK"
2026-06-19 07:00:46,174 [INFO] [1222/31708] 처리 중...
2026-06-19 07:01:11,067 [INFO] HTTP Request: POST http://localhost:1234/v1/chat/completions "HTTP/1.1 200 OK"
2026-06-19 07:01:11,573 [INFO] [1223/31708] 처리 중...
2026-06-19 07:01:49,215 [INFO] HTTP Request: POST http://localhost:1234/v1/chat/completions "HTTP/1.1 200 OK"
2026-06-19 07:01:49,717 [INFO] [1224/31708] 처리 중...
2026-06-19 07:02:11,450 [INFO] HTTP Request: POST http://localhost:1234/v1/chat/completions "HTTP/1.1 200 OK"
2026-06-19 07:02:11,955 [INFO] [1225/31708] 처리 중...
2026-06-19 07:02:36,536 [INFO] HTTP Request: POST http://localhost:1234/v1/chat/completions "HTTP/1.1 200 OK"
2026-06-19 07:02:37,040 [INFO] [1226/31708] 처리 중...
2026-06-19 07:03:18,988 [INFO] HTTP Request: POST http://localhost:1234/v1/chat/completions "HTTP/1.1 200 OK"
2026-06-19 07:03:19,494 [INFO] [1227/31708] 처리 중...
2026-06-19 07:04:00,302 [INFO] HTTP Request: POST http://localhost:1234/v1/chat/completions "HTTP/1.1 200 OK"
2026-06-19 07:04:00,806 [INFO] [1228/31708] 처리 중...
2026-06-19 07:04:35,531 [INFO] HTTP Request: POST http://localhost:1234/v1/chat/completions "HTTP/1.1 200 OK"
2026-06-19 07:04:36,037 [INFO] [1229/31708] 처리 중...
2026-06-19 07:05:10,234 [INFO] HTTP Request: POST http://localhost:1234/v1/chat/completions "HTTP/1.1 200 OK"
2026-06-19 07:05:10,737 [INFO] [1230/31708] 처리 중...
2026-06-19 07:05:21,948 [INFO] HTTP Request: POST http://localhost:1234/v1/chat/completions "HTTP/1.1 200 OK"
2026-06-19 07:05:22,451 [INFO] [1231/31708] 처리 중...
2026-06-19 07:05:35,303 [INFO] HTTP Request: POST http://localhost:1234/v1/chat/completions "HTTP/1.1 200 OK"
2026-06-19 07:05:35,807 [INFO] [1232/31708] 처리 중...
2026-06-19 07:08:59,215 [INFO] HTTP Request: POST http://localhost:1234/v1/chat/completions "HTTP/1.1 200 OK"
2026-06-19 07:08:59,215 [INFO] Error 추출 실패: Expecting value: line 1 column 1 (char 0)
2026-06-19 07:08:59,717 [INFO] [1233/31708] 처리 중...
2026-06-19 07:09:18,859 [INFO] HTTP Request: POST http://localhost:1234/v1/chat/completions "HTTP/1.1 200 OK"
2026-06-19 07:09:19,365 [INFO] [1234/31708] 처리 중...
2026-06-19 07:10:02,510 [INFO] HTTP Request: POST http://localhost:1234/v1/chat/completions "HTTP/1.1 200 OK"
2026-06-19 07:10:03,015 [INFO] [1235/31708] 처리 중...
2026-06-19 07:10:31,627 [INFO] HTTP Request: POST http://localhost:1234/v1/chat/completions "HTTP/1.1 200 OK"
2026-06-19 07:10:32,134 [INFO] [1236/31708] 처리 중...
2026-06-19 07:11:16,596 [INFO] HTTP Request: POST http://localhost:1234/v1/chat/completions "HTTP/1.1 200 OK"
2026-06-19 07:11:17,103 [INFO] [1237/31708] 처리 중...
2026-06-19 07:11:40,296 [INFO] HTTP Request: POST http://localhost:1234/v1/chat/completions "HTTP/1.1 200 OK"
2026-06-19 07:11:40,801 [INFO] [1238/31708] 처리 중...
2026-06-19 07:12:32,273 [INFO] HTTP Request: POST http://localhost:1234/v1/chat/completions "HTTP/1.1 200 OK"
2026-06-19 07:12:32,775 [INFO] [1239/31708] 처리 중...
2026-06-19 07:14:29,616 [INFO] HTTP Request: POST http://localhost:1234/v1/chat/completions "HTTP/1.1 200 OK"
2026-06-19 07:14:29,618 [INFO] Error 추출 실패: Expecting value: line 1 column 1 (char 0)
2026-06-19 07:14:30,119 [INFO] [1240/31708] 처리 중...
2026-06-19 07:15:01,454 [INFO] HTTP Request: POST http://localhost:1234/v1/chat/completions "HTTP/1.1 200 OK"
2026-06-19 07:15:01,960 [INFO] [1241/31708] 처리 중...
2026-06-19 07:15:33,583 [INFO] HTTP Request: POST http://localhost:1234/v1/chat/completions "HTTP/1.1 200 OK"
2026-06-19 07:15:34,084 [INFO] [1242/31708] 처리 중...
2026-06-19 07:16:13,249 [INFO] HTTP Request: POST http://localhost:1234/v1/chat/completions "HTTP/1.1 200 OK"
2026-06-19 07:16:13,755 [INFO] [1243/31708] 처리 중...
2026-06-19 07:17:00,572 [INFO] HTTP Request: POST http://localhost:1234/v1/chat/completions "HTTP/1.1 200 OK"
2026-06-19 07:17:01,076 [INFO] [1244/31708] 처리 중...
2026-06-19 07:18:00,450 [INFO] HTTP Request: POST http://localhost:1234/v1/chat/completions "HTTP/1.1 200 OK"
2026-06-19 07:18:00,956 [INFO] [1245/31708] 처리 중...
2026-06-19 07:19:03,391 [INFO] HTTP Request: POST http://localhost:1234/v1/chat/completions "HTTP/1.1 200 OK"
2026-06-19 07:19:03,895 [INFO] [1246/31708] 처리 중...
2026-06-19 07:19:54,683 [INFO] HTTP Request: POST http://localhost:1234/v1/chat/completions "HTTP/1.1 200 OK"
2026-06-19 07:19:54,687 [INFO] Error 추출 실패: Unterminated string starting at: line 3 column 17 (char 472)
2026-06-19 07:19:55,188 [INFO] [1247/31708] 처리 중...
2026-06-19 07:20:54,332 [INFO] HTTP Request: POST http://localhost:1234/v1/chat/completions "HTTP/1.1 200 OK"
2026-06-19 07:20:54,834 [INFO] [1248/31708] 처리 중...
2026-06-19 07:21:33,420 [INFO] HTTP Request: POST http://localhost:1234/v1/chat/completions "HTTP/1.1 200 OK"
2026-06-19 07:21:33,424 [INFO] Error 추출 실패: Expecting value: line 1 column 1 (char 0)
2026-06-19 07:21:33,927 [INFO] [1249/31708] 처리 중...
2026-06-19 07:22:45,351 [INFO] HTTP Request: POST http://localhost:1234/v1/chat/completions "HTTP/1.1 200 OK"
2026-06-19 07:22:45,856 [INFO] [1250/31708] 처리 중...
2026-06-19 07:23:18,225 [INFO] HTTP Request: POST http://localhost:1234/v1/chat/completions "HTTP/1.1 200 OK"
2026-06-19 07:23:18,257 [INFO] 💾 [1250/31708] 데이터 중간 저장 완료!
2026-06-19 07:23:18,758 [INFO] [1251/31708] 처리 중...
2026-06-19 07:24:06,363 [INFO] HTTP Request: POST http://localhost:1234/v1/chat/completions "HTTP/1.1 200 OK"
2026-06-19 07:24:06,866 [INFO] [1252/31708] 처리 중...
2026-06-19 07:24:51,162 [INFO] HTTP Request: POST http://localhost:1234/v1/chat/completions "HTTP/1.1 200 OK"
2026-06-19 07:24:51,668 [INFO] [1253/31708] 처리 중...
2026-06-19 07:25:46,720 [INFO] HTTP Request: POST http://localhost:1234/v1/chat/completions "HTTP/1.1 200 OK"
2026-06-19 07:25:47,225 [INFO] [1254/31708] 처리 중...
2026-06-19 07:26:43,415 [INFO] HTTP Request: POST http://localhost:1234/v1/chat/completions "HTTP/1.1 200 OK"
2026-06-19 07:26:43,919 [INFO] [1255/31708] 처리 중...
2026-06-19 07:27:27,476 [INFO] HTTP Request: POST http://localhost:1234/v1/chat/completions "HTTP/1.1 200 OK"
2026-06-19 07:27:27,979 [INFO] [1256/31708] 처리 중...
2026-06-19 07:28:17,214 [INFO] HTTP Request: POST http://localhost:1234/v1/chat/completions "HTTP/1.1 200 OK"
2026-06-19 07:28:17,719 [INFO] [1257/31708] 처리 중...
2026-06-19 07:29:15,903 [INFO] HTTP Request: POST http://localhost:1234/v1/chat/completions "HTTP/1.1 200 OK"
2026-06-19 07:29:16,408 [INFO] [1258/31708] 처리 중...
2026-06-19 07:29:58,446 [INFO] HTTP Request: POST http://localhost:1234/v1/chat/completions "HTTP/1.1 200 OK"
2026-06-19 07:29:58,951 [INFO] [1259/31708] 처리 중...
2026-06-19 07:30:48,977 [INFO] HTTP Request: POST http://localhost:1234/v1/chat/completions "HTTP/1.1 200 OK"
2026-06-19 07:30:49,482 [INFO] [1260/31708] 처리 중...
2026-06-19 07:31:22,876 [INFO] HTTP Request: POST http://localhost:1234/v1/chat/completions "HTTP/1.1 200 OK"
2026-06-19 07:31:23,381 [INFO] [1261/31708] 처리 중...
2026-06-19 07:32:00,639 [INFO] HTTP Request: POST http://localhost:1234/v1/chat/completions "HTTP/1.1 200 OK"
2026-06-19 07:32:00,642 [INFO] Error 추출 실패: Expecting value: line 1 column 1 (char 0)
2026-06-19 07:32:01,144 [INFO] [1262/31708] 처리 중...
2026-06-19 07:32:37,622 [INFO] HTTP Request: POST http://localhost:1234/v1/chat/completions "HTTP/1.1 200 OK"
2026-06-19 07:32:38,126 [INFO] [1263/31708] 처리 중...
2026-06-19 07:33:17,060 [INFO] HTTP Request: POST http://localhost:1234/v1/chat/completions "HTTP/1.1 200 OK"
2026-06-19 07:33:17,566 [INFO] [1264/31708] 처리 중...
2026-06-19 07:35:05,981 [INFO] HTTP Request: POST http://localhost:1234/v1/chat/completions "HTTP/1.1 200 OK"
2026-06-19 07:35:06,483 [INFO] [1265/31708] 처리 중...
2026-06-19 07:36:11,829 [INFO] HTTP Request: POST http://localhost:1234/v1/chat/completions "HTTP/1.1 200 OK"
2026-06-19 07:36:12,331 [INFO] [1266/31708] 처리 중...
2026-06-19 07:37:02,605 [INFO] HTTP Request: POST http://localhost:1234/v1/chat/completions "HTTP/1.1 200 OK"
2026-06-19 07:37:03,109 [INFO] [1267/31708] 처리 중...
2026-06-19 07:37:54,122 [INFO] HTTP Request: POST http://localhost:1234/v1/chat/completions "HTTP/1.1 200 OK"
2026-06-19 07:37:54,627 [INFO] [1268/31708] 처리 중...
2026-06-19 07:38:56,038 [INFO] HTTP Request: POST http://localhost:1234/v1/chat/completions "HTTP/1.1 200 OK"
2026-06-19 07:38:56,543 [INFO] [1269/31708] 처리 중...
2026-06-19 07:39:46,862 [INFO] HTTP Request: POST http://localhost:1234/v1/chat/completions "HTTP/1.1 200 OK"
2026-06-19 07:39:47,366 [INFO] [1270/31708] 처리 중...
2026-06-19 07:40:39,970 [INFO] HTTP Request: POST http://localhost:1234/v1/chat/completions "HTTP/1.1 200 OK"
2026-06-19 07:40:40,474 [INFO] [1271/31708] 처리 중...
2026-06-19 07:41:34,847 [INFO] HTTP Request: POST http://localhost:1234/v1/chat/completions "HTTP/1.1 200 OK"
2026-06-19 07:41:35,350 [INFO] [1272/31708] 처리 중...
2026-06-19 07:42:46,664 [INFO] HTTP Request: POST http://localhost:1234/v1/chat/completions "HTTP/1.1 200 OK"
2026-06-19 07:42:47,169 [INFO] [1273/31708] 처리 중...
2026-06-19 07:43:46,647 [INFO] HTTP Request: POST http://localhost:1234/v1/chat/completions "HTTP/1.1 200 OK"
2026-06-19 07:43:47,149 [INFO] [1274/31708] 처리 중...
2026-06-19 07:44:53,842 [INFO] HTTP Request: POST http://localhost:1234/v1/chat/completions "HTTP/1.1 200 OK"
2026-06-19 07:44:54,348 [INFO] [1275/31708] 처리 중...
2026-06-19 07:45:43,073 [INFO] HTTP Request: POST http://localhost:1234/v1/chat/completions "HTTP/1.1 200 OK"
2026-06-19 07:45:43,579 [INFO] [1276/31708] 처리 중...
2026-06-19 07:46:47,331 [INFO] HTTP Request: POST http://localhost:1234/v1/chat/completions "HTTP/1.1 200 OK"
2026-06-19 07:46:47,836 [INFO] [1277/31708] 처리 중...
2026-06-19 07:47:33,321 [INFO] HTTP Request: POST http://localhost:1234/v1/chat/completions "HTTP/1.1 200 OK"
2026-06-19 07:47:33,825 [INFO] [1278/31708] 처리 중...
2026-06-19 07:49:01,179 [INFO] HTTP Request: POST http://localhost:1234/v1/chat/completions "HTTP/1.1 200 OK"
2026-06-19 07:49:01,684 [INFO] [1279/31708] 처리 중...
2026-06-19 07:50:11,416 [INFO] HTTP Request: POST http://localhost:1234/v1/chat/completions "HTTP/1.1 200 OK"
2026-06-19 07:50:11,921 [INFO] [1280/31708] 처리 중...
2026-06-19 07:50:51,357 [INFO] HTTP Request: POST http://localhost:1234/v1/chat/completions "HTTP/1.1 200 OK"
2026-06-19 07:50:51,862 [INFO] [1281/31708] 처리 중...
2026-06-19 07:51:52,407 [INFO] HTTP Request: POST http://localhost:1234/v1/chat/completions "HTTP/1.1 200 OK"
2026-06-19 07:51:52,909 [INFO] [1282/31708] 처리 중...
2026-06-19 07:52:19,816 [INFO] HTTP Request: POST http://localhost:1234/v1/chat/completions "HTTP/1.1 200 OK"
2026-06-19 07:52:20,322 [INFO] [1283/31708] 처리 중...
2026-06-19 07:52:51,829 [INFO] HTTP Request: POST http://localhost:1234/v1/chat/completions "HTTP/1.1 200 OK"
2026-06-19 07:52:52,335 [INFO] [1284/31708] 처리 중...
2026-06-19 07:53:44,201 [INFO] HTTP Request: POST http://localhost:1234/v1/chat/completions "HTTP/1.1 200 OK"
2026-06-19 07:53:44,706 [INFO] [1285/31708] 처리 중...
2026-06-19 07:54:35,655 [INFO] HTTP Request: POST http://localhost:1234/v1/chat/completions "HTTP/1.1 200 OK"
2026-06-19 07:54:36,159 [INFO] [1286/31708] 처리 중...
2026-06-19 07:55:33,705 [INFO] HTTP Request: POST http://localhost:1234/v1/chat/completions "HTTP/1.1 200 OK"
2026-06-19 07:55:34,210 [INFO] [1287/31708] 처리 중...
2026-06-19 07:56:37,968 [INFO] HTTP Request: POST http://localhost:1234/v1/chat/completions "HTTP/1.1 200 OK"
2026-06-19 07:56:38,472 [INFO] [1288/31708] 처리 중...
2026-06-19 07:57:29,720 [INFO] HTTP Request: POST http://localhost:1234/v1/chat/completions "HTTP/1.1 200 OK"
2026-06-19 07:57:30,225 [INFO] [1289/31708] 처리 중...
2026-06-19 07:58:27,677 [INFO] HTTP Request: POST http://localhost:1234/v1/chat/completions "HTTP/1.1 200 OK"
2026-06-19 07:58:28,182 [INFO] [1290/31708] 처리 중...
2026-06-19 07:59:19,355 [INFO] HTTP Request: POST http://localhost:1234/v1/chat/completions "HTTP/1.1 200 OK"
2026-06-19 07:59:19,860 [INFO] [1291/31708] 처리 중...
2026-06-19 08:00:56,382 [INFO] HTTP Request: POST http://localhost:1234/v1/chat/completions "HTTP/1.1 200 OK"
2026-06-19 08:00:56,888 [INFO] [1292/31708] 처리 중...
2026-06-19 08:01:39,686 [INFO] HTTP Request: POST http://localhost:1234/v1/chat/completions "HTTP/1.1 200 OK"
2026-06-19 08:01:40,191 [INFO] [1293/31708] 처리 중...
2026-06-19 08:02:57,889 [INFO] HTTP Request: POST http://localhost:1234/v1/chat/completions "HTTP/1.1 200 OK"
2026-06-19 08:02:58,395 [INFO] [1294/31708] 처리 중...
2026-06-19 08:03:38,084 [INFO] HTTP Request: POST http://localhost:1234/v1/chat/completions "HTTP/1.1 200 OK"
2026-06-19 08:03:38,587 [INFO] [1295/31708] 처리 중...
2026-06-19 08:04:28,236 [INFO] HTTP Request: POST http://localhost:1234/v1/chat/completions "HTTP/1.1 200 OK"
2026-06-19 08:04:28,740 [INFO] [1296/31708] 처리 중...
2026-06-19 08:05:27,480 [INFO] HTTP Request: POST http://localhost:1234/v1/chat/completions "HTTP/1.1 200 OK"
2026-06-19 08:05:27,985 [INFO] [1297/31708] 처리 중...
2026-06-19 08:06:15,420 [INFO] HTTP Request: POST http://localhost:1234/v1/chat/completions "HTTP/1.1 200 OK"
2026-06-19 08:06:15,926 [INFO] [1298/31708] 처리 중...
2026-06-19 08:08:05,679 [INFO] HTTP Request: POST http://localhost:1234/v1/chat/completions "HTTP/1.1 200 OK"
2026-06-19 08:08:06,185 [INFO] [1299/31708] 처리 중...
2026-06-19 08:09:26,499 [INFO] HTTP Request: POST http://localhost:1234/v1/chat/completions "HTTP/1.1 200 OK"
2026-06-19 08:09:27,005 [INFO] [1300/31708] 처리 중...
2026-06-19 08:10:27,163 [INFO] HTTP Request: POST http://localhost:1234/v1/chat/completions "HTTP/1.1 200 OK"
2026-06-19 08:10:27,196 [INFO] 💾 [1300/31708] 데이터 중간 저장 완료!
2026-06-19 08:10:27,698 [INFO] [1301/31708] 처리 중...
2026-06-19 08:11:19,770 [INFO] HTTP Request: POST http://localhost:1234/v1/chat/completions "HTTP/1.1 200 OK"
2026-06-19 08:11:20,276 [INFO] [1302/31708] 처리 중...
2026-06-19 08:12:03,047 [INFO] HTTP Request: POST http://localhost:1234/v1/chat/completions "HTTP/1.1 200 OK"
2026-06-19 08:12:03,552 [INFO] [1303/31708] 처리 중...
2026-06-19 08:12:25,833 [INFO] HTTP Request: POST http://localhost:1234/v1/chat/completions "HTTP/1.1 200 OK"
2026-06-19 08:12:26,339 [INFO] [1304/31708] 처리 중...
2026-06-19 08:13:20,309 [INFO] HTTP Request: POST http://localhost:1234/v1/chat/completions "HTTP/1.1 200 OK"
2026-06-19 08:13:20,815 [INFO] [1305/31708] 처리 중...
2026-06-19 08:13:57,826 [INFO] HTTP Request: POST http://localhost:1234/v1/chat/completions "HTTP/1.1 200 OK"
2026-06-19 08:13:58,329 [INFO] [1306/31708] 처리 중...
2026-06-19 08:14:37,815 [INFO] HTTP Request: POST http://localhost:1234/v1/chat/completions "HTTP/1.1 200 OK"
2026-06-19 08:14:38,319 [INFO] [1307/31708] 처리 중...
2026-06-19 08:16:01,571 [INFO] HTTP Request: POST http://localhost:1234/v1/chat/completions "HTTP/1.1 200 OK"
2026-06-19 08:16:02,073 [INFO] [1308/31708] 처리 중...
2026-06-19 08:16:53,438 [INFO] HTTP Request: POST http://localhost:1234/v1/chat/completions "HTTP/1.1 200 OK"
2026-06-19 08:16:53,941 [INFO] [1309/31708] 처리 중...
2026-06-19 08:18:28,889 [INFO] HTTP Request: POST http://localhost:1234/v1/chat/completions "HTTP/1.1 200 OK"
2026-06-19 08:18:29,392 [INFO] [1310/31708] 처리 중...
2026-06-19 08:19:33,666 [INFO] HTTP Request: POST http://localhost:1234/v1/chat/completions "HTTP/1.1 200 OK"
2026-06-19 08:19:34,171 [INFO] [1311/31708] 처리 중...
2026-06-19 08:20:11,158 [INFO] HTTP Request: POST http://localhost:1234/v1/chat/completions "HTTP/1.1 200 OK"
2026-06-19 08:20:11,663 [INFO] [1312/31708] 처리 중...
2026-06-19 08:20:59,614 [INFO] HTTP Request: POST http://localhost:1234/v1/chat/completions "HTTP/1.1 200 OK"
2026-06-19 08:21:00,119 [INFO] [1313/31708] 처리 중...
2026-06-19 08:21:50,541 [INFO] HTTP Request: POST http://localhost:1234/v1/chat/completions "HTTP/1.1 200 OK"
2026-06-19 08:21:51,045 [INFO] [1314/31708] 처리 중...
2026-06-19 08:22:59,947 [INFO] HTTP Request: POST http://localhost:1234/v1/chat/completions "HTTP/1.1 200 OK"
2026-06-19 08:23:00,453 [INFO] [1315/31708] 처리 중...
2026-06-19 08:23:57,094 [INFO] HTTP Request: POST http://localhost:1234/v1/chat/completions "HTTP/1.1 200 OK"
2026-06-19 08:23:57,597 [INFO] [1316/31708] 처리 중...
2026-06-19 08:24:32,996 [INFO] HTTP Request: POST http://localhost:1234/v1/chat/completions "HTTP/1.1 200 OK"
2026-06-19 08:24:33,501 [INFO] [1317/31708] 처리 중...
2026-06-19 08:25:25,625 [INFO] HTTP Request: POST http://localhost:1234/v1/chat/completions "HTTP/1.1 200 OK"
2026-06-19 08:25:26,128 [INFO] [1318/31708] 처리 중...
2026-06-19 08:26:02,097 [INFO] HTTP Request: POST http://localhost:1234/v1/chat/completions "HTTP/1.1 200 OK"
2026-06-19 08:26:02,100 [INFO] Error 추출 실패: Expecting value: line 1 column 1 (char 0)
2026-06-19 08:26:02,602 [INFO] [1319/31708] 처리 중...
2026-06-19 08:26:03,014 [INFO] HTTP Request: POST http://localhost:1234/v1/chat/completions "HTTP/1.1 400 Bad Request"
2026-06-19 08:26:03,016 [INFO] Error 추출 실패: Error code: 400 - {'error': 'The number of tokens to keep from the initial prompt is greater than the context length (n_keep: 10130>= n_ctx: 8192). Try to load the model with a larger context length, or provide a shorter input.'}
2026-06-19 08:26:03,517 [INFO] [1320/31708] 처리 중...
2026-06-19 08:26:37,438 [INFO] HTTP Request: POST http://localhost:1234/v1/chat/completions "HTTP/1.1 200 OK"
2026-06-19 08:26:37,942 [INFO] [1321/31708] 처리 중...
2026-06-19 08:29:58,861 [INFO] HTTP Request: POST http://localhost:1234/v1/chat/completions "HTTP/1.1 200 OK"
2026-06-19 08:29:58,866 [INFO] Error 추출 실패: Expecting value: line 1 column 1 (char 0)
2026-06-19 08:29:59,369 [INFO] [1322/31708] 처리 중...
2026-06-19 08:30:32,574 [INFO] HTTP Request: POST http://localhost:1234/v1/chat/completions "HTTP/1.1 200 OK"
2026-06-19 08:30:33,080 [INFO] [1323/31708] 처리 중...
2026-06-19 08:31:19,976 [INFO] HTTP Request: POST http://localhost:1234/v1/chat/completions "HTTP/1.1 200 OK"
2026-06-19 08:31:20,481 [INFO] [1324/31708] 처리 중...
2026-06-19 08:31:47,098 [INFO] HTTP Request: POST http://localhost:1234/v1/chat/completions "HTTP/1.1 200 OK"
2026-06-19 08:31:47,603 [INFO] [1325/31708] 처리 중...
2026-06-19 08:32:41,379 [INFO] HTTP Request: POST http://localhost:1234/v1/chat/completions "HTTP/1.1 200 OK"
2026-06-19 08:32:41,884 [INFO] [1326/31708] 처리 중...
2026-06-19 08:33:23,870 [INFO] HTTP Request: POST http://localhost:1234/v1/chat/completions "HTTP/1.1 200 OK"
2026-06-19 08:33:24,373 [INFO] [1327/31708] 처리 중...
2026-06-19 08:34:22,095 [INFO] HTTP Request: POST http://localhost:1234/v1/chat/completions "HTTP/1.1 200 OK"
2026-06-19 08:34:22,602 [INFO] [1328/31708] 처리 중...
2026-06-19 08:34:38,385 [INFO] HTTP Request: POST http://localhost:1234/v1/chat/completions "HTTP/1.1 200 OK"
2026-06-19 08:34:38,891 [INFO] [1329/31708] 처리 중...
2026-06-19 08:35:20,016 [INFO] HTTP Request: POST http://localhost:1234/v1/chat/completions "HTTP/1.1 200 OK"
2026-06-19 08:35:20,521 [INFO] [1330/31708] 처리 중...
2026-06-19 08:36:26,318 [INFO] HTTP Request: POST http://localhost:1234/v1/chat/completions "HTTP/1.1 200 OK"
2026-06-19 08:36:26,821 [INFO] [1331/31708] 처리 중...
2026-06-19 08:37:05,425 [INFO] HTTP Request: POST http://localhost:1234/v1/chat/completions "HTTP/1.1 200 OK"
2026-06-19 08:37:05,931 [INFO] [1332/31708] 처리 중...
2026-06-19 08:37:50,676 [INFO] HTTP Request: POST http://localhost:1234/v1/chat/completions "HTTP/1.1 200 OK"
2026-06-19 08:37:50,677 [INFO] Error 추출 실패: Expecting value: line 1 column 1 (char 0)
2026-06-19 08:37:51,178 [INFO] [1333/31708] 처리 중...
2026-06-19 08:38:52,554 [INFO] HTTP Request: POST http://localhost:1234/v1/chat/completions "HTTP/1.1 200 OK"
2026-06-19 08:38:53,057 [INFO] [1334/31708] 처리 중...
2026-06-19 08:39:39,346 [INFO] HTTP Request: POST http://localhost:1234/v1/chat/completions "HTTP/1.1 200 OK"
2026-06-19 08:39:39,852 [INFO] [1335/31708] 처리 중...
2026-06-19 08:40:23,674 [INFO] HTTP Request: POST http://localhost:1234/v1/chat/completions "HTTP/1.1 200 OK"
2026-06-19 08:40:24,179 [INFO] [1336/31708] 처리 중...
2026-06-19 08:41:05,541 [INFO] HTTP Request: POST http://localhost:1234/v1/chat/completions "HTTP/1.1 200 OK"
2026-06-19 08:41:06,045 [INFO] [1337/31708] 처리 중...
2026-06-19 08:41:49,672 [INFO] HTTP Request: POST http://localhost:1234/v1/chat/completions "HTTP/1.1 200 OK"
2026-06-19 08:41:50,175 [INFO] [1338/31708] 처리 중...
2026-06-19 08:42:41,857 [INFO] HTTP Request: POST http://localhost:1234/v1/chat/completions "HTTP/1.1 200 OK"
2026-06-19 08:42:42,360 [INFO] [1339/31708] 처리 중...
2026-06-19 08:43:34,091 [INFO] HTTP Request: POST http://localhost:1234/v1/chat/completions "HTTP/1.1 200 OK"
2026-06-19 08:43:34,597 [INFO] [1340/31708] 처리 중...
2026-06-19 08:44:34,842 [INFO] HTTP Request: POST http://localhost:1234/v1/chat/completions "HTTP/1.1 200 OK"
2026-06-19 08:44:35,345 [INFO] [1341/31708] 처리 중...
2026-06-19 08:45:46,042 [INFO] HTTP Request: POST http://localhost:1234/v1/chat/completions "HTTP/1.1 200 OK"
2026-06-19 08:45:46,545 [INFO] [1342/31708] 처리 중...
2026-06-19 08:46:18,877 [INFO] HTTP Request: POST http://localhost:1234/v1/chat/completions "HTTP/1.1 200 OK"
2026-06-19 08:46:19,380 [INFO] [1343/31708] 처리 중...
2026-06-19 08:47:05,807 [INFO] HTTP Request: POST http://localhost:1234/v1/chat/completions "HTTP/1.1 200 OK"
2026-06-19 08:47:06,311 [INFO] [1344/31708] 처리 중...
2026-06-19 08:47:38,961 [INFO] HTTP Request: POST http://localhost:1234/v1/chat/completions "HTTP/1.1 200 OK"
2026-06-19 08:47:39,466 [INFO] [1345/31708] 처리 중...
2026-06-19 08:48:33,685 [INFO] HTTP Request: POST http://localhost:1234/v1/chat/completions "HTTP/1.1 200 OK"
2026-06-19 08:48:34,189 [INFO] [1346/31708] 처리 중...
2026-06-19 08:49:23,436 [INFO] HTTP Request: POST http://localhost:1234/v1/chat/completions "HTTP/1.1 200 OK"
2026-06-19 08:49:23,941 [INFO] [1347/31708] 처리 중...
2026-06-19 08:49:24,358 [INFO] HTTP Request: POST http://localhost:1234/v1/chat/completions "HTTP/1.1 400 Bad Request"
2026-06-19 08:49:24,359 [INFO] Error 추출 실패: Error code: 400 - {'error': 'The number of tokens to keep from the initial prompt is greater than the context length (n_keep: 8624>= n_ctx: 8192). Try to load the model with a larger context length, or provide a shorter input.'}
2026-06-19 08:49:24,861 [INFO] [1348/31708] 처리 중...
2026-06-19 08:50:14,014 [INFO] HTTP Request: POST http://localhost:1234/v1/chat/completions "HTTP/1.1 200 OK"
2026-06-19 08:50:14,518 [INFO] [1349/31708] 처리 중...
2026-06-19 08:51:01,099 [INFO] HTTP Request: POST http://localhost:1234/v1/chat/completions "HTTP/1.1 200 OK"
2026-06-19 08:51:01,603 [INFO] [1350/31708] 처리 중...
2026-06-19 08:51:40,828 [INFO] HTTP Request: POST http://localhost:1234/v1/chat/completions "HTTP/1.1 200 OK"
2026-06-19 08:51:40,864 [INFO] 💾 [1350/31708] 데이터 중간 저장 완료!
2026-06-19 08:51:41,366 [INFO] [1351/31708] 처리 중...
2026-06-19 08:52:10,378 [INFO] HTTP Request: POST http://localhost:1234/v1/chat/completions "HTTP/1.1 200 OK"
2026-06-19 08:52:10,883 [INFO] [1352/31708] 처리 중...
2026-06-19 08:53:08,265 [INFO] HTTP Request: POST http://localhost:1234/v1/chat/completions "HTTP/1.1 200 OK"
2026-06-19 08:53:08,771 [INFO] [1353/31708] 처리 중...
2026-06-19 08:54:21,884 [INFO] HTTP Request: POST http://localhost:1234/v1/chat/completions "HTTP/1.1 200 OK"
2026-06-19 08:54:22,389 [INFO] [1354/31708] 처리 중...
2026-06-19 08:54:22,923 [INFO] HTTP Request: POST http://localhost:1234/v1/chat/completions "HTTP/1.1 400 Bad Request"
2026-06-19 08:54:22,925 [INFO] Error 추출 실패: Error code: 400 - {'error': 'The number of tokens to keep from the initial prompt is greater than the context length (n_keep: 10055>= n_ctx: 8192). Try to load the model with a larger context length, or provide a shorter input.'}
2026-06-19 08:54:23,426 [INFO] [1355/31708] 처리 중...
2026-06-19 08:54:48,744 [INFO] HTTP Request: POST http://localhost:1234/v1/chat/completions "HTTP/1.1 200 OK"
2026-06-19 08:54:49,246 [INFO] [1356/31708] 처리 중...
2026-06-19 08:55:29,983 [INFO] HTTP Request: POST http://localhost:1234/v1/chat/completions "HTTP/1.1 200 OK"
2026-06-19 08:55:30,486 [INFO] [1357/31708] 처리 중...
2026-06-19 08:56:10,076 [INFO] HTTP Request: POST http://localhost:1234/v1/chat/completions "HTTP/1.1 200 OK"
2026-06-19 08:56:10,578 [INFO] [1358/31708] 처리 중...
2026-06-19 08:56:59,940 [INFO] HTTP Request: POST http://localhost:1234/v1/chat/completions "HTTP/1.1 200 OK"
2026-06-19 08:57:00,443 [INFO] [1359/31708] 처리 중...
2026-06-19 08:59:55,629 [INFO] HTTP Request: POST http://localhost:1234/v1/chat/completions "HTTP/1.1 200 OK"
2026-06-19 08:59:55,630 [INFO] Error 추출 실패: Expecting value: line 1 column 1 (char 0)
2026-06-19 08:59:56,132 [INFO] [1360/31708] 처리 중...
2026-06-19 09:00:47,784 [INFO] HTTP Request: POST http://localhost:1234/v1/chat/completions "HTTP/1.1 200 OK"
2026-06-19 09:00:48,287 [INFO] [1361/31708] 처리 중...
2026-06-19 09:00:48,794 [INFO] HTTP Request: POST http://localhost:1234/v1/chat/completions "HTTP/1.1 400 Bad Request"
2026-06-19 09:00:48,796 [INFO] Error 추출 실패: Error code: 400 - {'error': 'The number of tokens to keep from the initial prompt is greater than the context length (n_keep: 8276>= n_ctx: 8192). Try to load the model with a larger context length, or provide a shorter input.'}
2026-06-19 09:00:49,299 [INFO] [1362/31708] 처리 중...
2026-06-19 09:02:03,261 [INFO] HTTP Request: POST http://localhost:1234/v1/chat/completions "HTTP/1.1 200 OK"
2026-06-19 09:02:03,765 [INFO] [1363/31708] 처리 중...
2026-06-19 09:03:13,184 [INFO] HTTP Request: POST http://localhost:1234/v1/chat/completions "HTTP/1.1 200 OK"
2026-06-19 09:03:13,690 [INFO] [1364/31708] 처리 중...
2026-06-19 09:04:06,356 [INFO] HTTP Request: POST http://localhost:1234/v1/chat/completions "HTTP/1.1 200 OK"
2026-06-19 09:04:06,859 [INFO] [1365/31708] 처리 중...
2026-06-19 09:04:50,282 [INFO] HTTP Request: POST http://localhost:1234/v1/chat/completions "HTTP/1.1 200 OK"
2026-06-19 09:04:50,787 [INFO] [1366/31708] 처리 중...
2026-06-19 09:05:41,211 [INFO] HTTP Request: POST http://localhost:1234/v1/chat/completions "HTTP/1.1 200 OK"
2026-06-19 09:05:41,714 [INFO] [1367/31708] 처리 중...
2026-06-19 09:06:34,740 [INFO] HTTP Request: POST http://localhost:1234/v1/chat/completions "HTTP/1.1 200 OK"
2026-06-19 09:06:35,242 [INFO] [1368/31708] 처리 중...
2026-06-19 09:07:18,360 [INFO] HTTP Request: POST http://localhost:1234/v1/chat/completions "HTTP/1.1 200 OK"
2026-06-19 09:07:18,861 [INFO] [1369/31708] 처리 중...
2026-06-19 09:08:14,594 [INFO] HTTP Request: POST http://localhost:1234/v1/chat/completions "HTTP/1.1 200 OK"
2026-06-19 09:08:15,095 [INFO] [1370/31708] 처리 중...
2026-06-19 09:09:00,444 [INFO] HTTP Request: POST http://localhost:1234/v1/chat/completions "HTTP/1.1 200 OK"
2026-06-19 09:09:00,947 [INFO] [1371/31708] 처리 중...
2026-06-19 09:10:37,099 [INFO] HTTP Request: POST http://localhost:1234/v1/chat/completions "HTTP/1.1 200 OK"
2026-06-19 09:10:37,603 [INFO] [1372/31708] 처리 중...
2026-06-19 09:12:36,468 [INFO] HTTP Request: POST http://localhost:1234/v1/chat/completions "HTTP/1.1 200 OK"
2026-06-19 09:12:36,970 [INFO] [1373/31708] 처리 중...
2026-06-19 09:13:03,320 [INFO] HTTP Request: POST http://localhost:1234/v1/chat/completions "HTTP/1.1 200 OK"
2026-06-19 09:13:03,821 [INFO] [1374/31708] 처리 중...
2026-06-19 09:13:53,593 [INFO] HTTP Request: POST http://localhost:1234/v1/chat/completions "HTTP/1.1 200 OK"
2026-06-19 09:13:54,095 [INFO] [1375/31708] 처리 중...
2026-06-19 09:15:12,794 [INFO] HTTP Request: POST http://localhost:1234/v1/chat/completions "HTTP/1.1 200 OK"
2026-06-19 09:15:13,296 [INFO] [1376/31708] 처리 중...
2026-06-19 09:16:17,232 [INFO] HTTP Request: POST http://localhost:1234/v1/chat/completions "HTTP/1.1 200 OK"
2026-06-19 09:16:17,734 [INFO] [1377/31708] 처리 중...
2026-06-19 09:17:10,672 [INFO] HTTP Request: POST http://localhost:1234/v1/chat/completions "HTTP/1.1 200 OK"
2026-06-19 09:17:11,174 [INFO] [1378/31708] 처리 중...
2026-06-19 09:17:48,251 [INFO] HTTP Request: POST http://localhost:1234/v1/chat/completions "HTTP/1.1 200 OK"
2026-06-19 09:17:48,752 [INFO] [1379/31708] 처리 중...
2026-06-19 09:18:32,225 [INFO] HTTP Request: POST http://localhost:1234/v1/chat/completions "HTTP/1.1 200 OK"
2026-06-19 09:18:32,728 [INFO] [1380/31708] 처리 중...
2026-06-19 09:19:21,407 [INFO] HTTP Request: POST http://localhost:1234/v1/chat/completions "HTTP/1.1 200 OK"
2026-06-19 09:19:21,911 [INFO] [1381/31708] 처리 중...
2026-06-19 09:20:15,440 [INFO] HTTP Request: POST http://localhost:1234/v1/chat/completions "HTTP/1.1 200 OK"
2026-06-19 09:20:15,944 [INFO] [1382/31708] 처리 중...
2026-06-19 09:21:00,797 [INFO] HTTP Request: POST http://localhost:1234/v1/chat/completions "HTTP/1.1 200 OK"
2026-06-19 09:21:01,299 [INFO] [1383/31708] 처리 중...
2026-06-19 09:22:51,511 [INFO] HTTP Request: POST http://localhost:1234/v1/chat/completions "HTTP/1.1 200 OK"
2026-06-19 09:22:52,013 [INFO] [1384/31708] 처리 중...
2026-06-19 09:23:37,767 [INFO] HTTP Request: POST http://localhost:1234/v1/chat/completions "HTTP/1.1 200 OK"
2026-06-19 09:23:38,270 [INFO] [1385/31708] 처리 중...
